-- --------------------------------------------------------
-- Host:                         127.0.0.1
-- Server version:               5.5.5-10.0.14-MariaDB - Homebrew
-- Server OS:                    osx10.10
-- HeidiSQL Version:             8.3.0.4694
-- --------------------------------------------------------

/*!40101 SET @OLD_CHARACTER_SET_CLIENT=@@CHARACTER_SET_CLIENT */;
/*!40101 SET NAMES utf8 */;
/*!40014 SET @OLD_FOREIGN_KEY_CHECKS=@@FOREIGN_KEY_CHECKS, FOREIGN_KEY_CHECKS=0 */;
/*!40101 SET @OLD_SQL_MODE=@@SQL_MODE, SQL_MODE='NO_AUTO_VALUE_ON_ZERO' */;

-- Dumping database structure for dbapp
CREATE DATABASE IF NOT EXISTS `dbapp` /*!40100 DEFAULT CHARACTER SET utf8 */;
USE `dbapp`;


-- Dumping structure for table dbapp.instructor
CREATE TABLE IF NOT EXISTS `instructor` (
  `instructorId` varchar(255) NOT NULL,
  `name` varchar(255) NOT NULL,
  `majorId` int(11) DEFAULT NULL,
  PRIMARY KEY (`instructorId`),
  KEY `FK_instructor_major` (`majorId`),
  CONSTRAINT `FK_instructor_major` FOREIGN KEY (`majorId`) REFERENCES `major` (`majorId`)
) ENGINE=InnoDB DEFAULT CHARSET=utf8;

-- Dumping data for table dbapp.instructor: ~89 rows (approximately)
/*!40000 ALTER TABLE `instructor` DISABLE KEYS */;
INSERT INTO `instructor` (`instructorId`, `name`, `majorId`) VALUES
  ('2001001001', '조병완', 1),
  ('2001001002', '조용식', 1),
  ('2001011003', '조병완', 1),
  ('2001011004', '김종오', 1),
  ('2001021002', '유인경', 2),
  ('2001031001', '박희진', 2),
  ('2001032003', '이인환', 3),
  ('2001032004', '최진식', 3),
  ('2001032005', '김상욱', 3),
  ('2001032006', '박종일', 3),
  ('2001032007', '신동훈', 4),
  ('2001032008', '고광철', 4),
  ('2001032009', '정진욱', 4),
  ('2001032010', '김진오', 4),
  ('2001032011', '최창식', 5),
  ('2001032012', '이충선', 5),
  ('2001032013', '정재원', 5),
  ('2001032014', '이종석', 5),
  ('2001032015', '김승남', 5),
  ('2001032016', '문성용', 6),
  ('2001032017', '서경도', 6),
  ('2001032018', '서경도', 6),
  ('2001032019', '김진국', 6),
  ('2001032020', '공성호', 6),
  ('2001032021', '서영웅', 6),
  ('2001032022', '이동윤', 7),
  ('2001032023', '류성언', 7),
  ('2001032024', '윤채옥', 7),
  ('2001032025', '안희준', 8),
  ('2001032026', '안희준', 8),
  ('2001032027', '안희준', 8),
  ('2001032028', '강용수', 9),
  ('2001032029', '강용수', 9),
  ('2001032030', '강용수', 9),
  ('2001032031', '박두희', 1),
  ('2001032032', '조용식', 1),
  ('2001032033', '유재석', 1),
  ('2001032034', '조용식', 1),
  ('2001032035', '유인경', 2),
  ('2001032036', '유민수', 3),
  ('2001032037', '임을규', 3),
  ('2001032038', '장의선', 3),
  ('2001032039', '김상욱', 3),
  ('2001032040', '이형철', 4),
  ('2001032041', '이형철', 4),
  ('2001032042', '노태협', 4),
  ('2001032043', '정정주', 4),
  ('2001032044', '고광철', 4),
  ('2001032045', '유기찬', 5),
  ('2001032046', '전진용', 5),
  ('2001032047', '박운종', 5),
  ('2001032048', '한상환', 5),
  ('2001032049', 'Justyn Wayne Jaworski', 6),
  ('2001032050', '서동학', 6),
  ('2001032051', '서영웅', 6),
  ('2001032052', '오성근', 6),
  ('2001032053', '서경도', 6),
  ('2001032054', '이병희', 6),
  ('2001032055', '류성언', 7),
  ('2001032056', '임태연', 7),
  ('2001032057', '김용희', 7),
  ('2001032058', '안광일', 7),
  ('2001032059', '김성훈', 8),
  ('2001032060', '안희준', 8),
  ('2001032061', '임승순', 8),
  ('2001032062', '이윤정', 9),
  ('2001032063', '이윤정', 9),
  ('2001032064', '안광일', 9),
  ('2001032065', '서종원', 1),
  ('2001032066', '박대효', 1),
  ('2001032067', '강석구', 1),
  ('2001032068', '반호기', 1),
  ('2001032069', '최용석', 2),
  ('2001032070', '유인경', 3),
  ('2001032071', '이춘화', 3),
  ('2001032072', '한규옥', 3),
  ('2001032073', '최진식', 3),
  ('2001032074', '정규선', 4),
  ('2001032075', '현동석', 4),
  ('2001032076', '김래영', 4),
  ('2001032077', '이주', 4),
  ('2001032078', '김동준', 4),
  ('2001032079', '김효진', 5),
  ('2001032080', '전진용', 5),
  ('2001032081', '차성민', 5),
  ('2001032082', '김주형', 5),
  ('2001032083', '배영찬', 6),
  ('2001032084', '서경도', 6),
  ('2001032085', '구상만', 6);
/*!40000 ALTER TABLE `instructor` ENABLE KEYS */;


-- Dumping structure for table dbapp.lecture
CREATE TABLE IF NOT EXISTS `lecture` (
  `lectureId` int(11) NOT NULL,
  `number` int(11) NOT NULL,
  `subjectId` varchar(255) NOT NULL,
  `majorId` int(11) NOT NULL,
  `year` int(11) NOT NULL,
  `schoolYear` int(11) NOT NULL,
  `instructorId` varchar(255) NOT NULL,
  `limit` int(11) NOT NULL,
  PRIMARY KEY (`lectureId`),
  KEY `FK_lecture_subject` (`subjectId`),
  KEY `FK_lecture_major` (`majorId`),
  KEY `FK_lecture_instructor` (`instructorId`),
  CONSTRAINT `FK_lecture_instructor` FOREIGN KEY (`instructorId`) REFERENCES `instructor` (`instructorId`),
  CONSTRAINT `FK_lecture_major` FOREIGN KEY (`majorId`) REFERENCES `major` (`majorId`),
  CONSTRAINT `FK_lecture_subject` FOREIGN KEY (`subjectId`) REFERENCES `subject` (`subjectId`)
) ENGINE=InnoDB DEFAULT CHARSET=utf8;

-- Dumping data for table dbapp.lecture: ~0 rows (approximately)
/*!40000 ALTER TABLE `lecture` DISABLE KEYS */;
INSERT INTO `lecture` (`lectureId`, `number`, `subjectId`, `majorId`, `year`, `schoolYear`, `instructorId`, `limit`) VALUES
  (8831, 10003, 'CIE3022', 1, 2014, 3, '2001001001', 3),
  (8832, 10004, 'CIE3032', 1, 2014, 3, '2001032031', 37),
  (8833, 10005, 'CIE3033', 1, 2014, 3, '2001032065', 2),
  (8834, 10007, 'CIE4011', 1, 2014, 3, '2001001002', 4),
  (8835, 10009, 'CIE4047', 1, 2014, 4, '2001032032', 38),
  (8836, 10010, 'CIE4058', 1, 2014, 3, '2001032066', 3),
  (8837, 10012, 'CIE4065', 1, 2014, 4, '2001011003', 5),
  (8838, 10013, 'CIE4068', 1, 2014, 4, '2001032033', 39),
  (8839, 10014, 'COE3053', 1, 2014, 3, '2001032067', 4),
  (8840, 10015, 'EEC3005', 1, 2014, 3, '2001011004', 6),
  (8841, 10016, 'GEN6095', 1, 2014, 3, '2001032034', 40),
  (8842, 10017, 'MME3026', 1, 2014, 3, '2001032068', 5),
  (8843, 10020, 'CSE4006', 2, 2014, 3, '2001021002', 7),
  (8844, 10022, 'GEN6095', 2, 2014, 3, '2001032035', 41),
  (8845, 10025, 'ITE3068', 2, 2014, 3, '2001032069', 6),
  (8846, 10027, 'ITE3070', 2, 2014, 3, '2001031001', 8),
  (8847, 10029, 'CSE4006', 3, 2014, 3, '2001032036', 42),
  (8848, 10030, 'CSE4006', 3, 2014, 3, '2001032070', 7),
  (8849, 10031, 'ELE3020', 3, 2014, 3, '2001032003', 9),
  (8850, 10033, 'ELE4029', 3, 2014, 3, '2001032037', 43),
  (8851, 10035, 'ENE4019', 3, 2014, 3, '2001032071', 8),
  (8852, 10036, 'ENE4019', 3, 2014, 3, '2001032004', 10),
  (8853, 10037, 'GEN6006', 3, 2014, 3, '2001032038', 44),
  (8854, 10038, 'GEN6006', 3, 2014, 3, '2001032072', 9),
  (8855, 10041, 'ITE3016', 3, 2014, 3, '2001032005', 11),
  (8856, 10042, 'ITE3016', 3, 2014, 3, '2001032039', 45),
  (8857, 10043, 'ITE3060', 3, 2014, 3, '2001032073', 10),
  (8858, 10045, 'MAT3008', 3, 2014, 3, '2001032006', 12),
  (8859, 10051, 'ECL3005', 4, 2014, 3, '2001032040', 46),
  (8860, 10052, 'ECL3007', 4, 2014, 3, '2001032074', 11),
  (8861, 10055, 'ECL4009', 4, 2014, 4, '2001032007', 13),
  (8862, 10056, 'ECL4010', 4, 2014, 4, '2001032041', 47),
  (8863, 10057, 'ECL4011', 4, 2014, 4, '2001032075', 12),
  (8864, 10058, 'ECL4013', 4, 2014, 4, '2001032008', 14),
  (8865, 10059, 'ECL4014', 4, 2014, 4, '2001032042', 48),
  (8866, 10060, 'ECL4015', 4, 2014, 4, '2001032076', 13),
  (8867, 10061, 'ECL4018', 4, 2014, 4, '2001032009', 15),
  (8868, 10062, 'ELE3004', 4, 2014, 3, '2001032043', 49),
  (8869, 10063, 'ELE3013', 4, 2014, 3, '2001032077', 14),
  (8870, 10065, 'ELE4019', 4, 2014, 3, '2001032010', 16),
  (8871, 10066, 'ELE4025', 4, 2014, 3, '2001032044', 50),
  (8872, 10067, 'GEN5026', 4, 2014, 3, '2001032078', 15),
  (8873, 10072, 'ARE3009', 5, 2014, 3, '2001032011', 17),
  (8874, 10073, 'ARE3069', 5, 2014, 3, '2001032045', 51),
  (8875, 10074, 'ARE4014', 5, 2014, 4, '2001032079', 16),
  (8876, 10075, 'ARE4020', 5, 2014, 4, '2001032012', 18),
  (8877, 10076, 'ARE4022', 5, 2014, 3, '2001032046', 52),
  (8878, 10077, 'ARE4026', 5, 2014, 4, '2001032080', 17),
  (8879, 10078, 'ARE4030', 5, 2014, 4, '2001032013', 19),
  (8880, 10079, 'ARE5013', 5, 2014, 3, '2001032047', 53),
  (8881, 10080, 'ARE5032', 5, 2014, 4, '2001032081', 18),
  (8882, 10081, 'CIE2007', 5, 2014, 4, '2001032014', 20),
  (8883, 10082, 'CIE3070', 5, 2014, 3, '2001032048', 54),
  (8884, 10083, 'GEN6095', 5, 2014, 3, '2001032082', 19),
  (8885, 10084, 'MAT3008', 5, 2014, 3, '2001032015', 21),
  (8886, 10086, 'CHE1015', 6, 2014, 4, '2001032049', 55),
  (8887, 10087, 'CHE3006', 6, 2014, 3, '2001032083', 20),
  (8888, 10088, 'CHE3012', 6, 2014, 3, '2001032016', 22),
  (8889, 10089, 'CHE4053', 6, 2014, 4, '2001032050', 56),
  (8890, 10090, 'CHE4054', 6, 2014, 4, '2001032084', 21),
  (8891, 10091, 'CHM3066', 6, 2014, 3, '2001032017', 23),
  (8892, 10092, 'CHM3078', 6, 2014, 3, '2001032051', 57),
  (8893, 10093, 'CHM4001', 6, 2014, 3, '2001032085', 22),
  (8894, 10094, 'CHM4013', 6, 2014, 3, '2001032018', 24),
  (8895, 10096, 'CHM4083', 6, 2014, 4, '2001032052', 58),
  (8897, 10099, 'CME4002', 6, 2014, 4, '2001032019', 25),
  (8898, 10100, 'COE1011', 6, 2014, 3, '2001032053', 59),
  (8900, 10102, 'GEN3052', 6, 2014, 4, '2001032020', 26),
  (8901, 10103, 'GEN5026', 6, 2014, 3, '2001032054', 60),
  (8903, 10105, 'MEE4001', 6, 2014, 3, '2001032021', 27),
  (8904, 10108, 'BIO2022', 7, 2014, 3, '2001032055', 61),
  (8906, 10112, 'BTN4005', 7, 2014, 4, '2001032022', 28),
  (8907, 10113, 'BTN4009', 7, 2014, 4, '2001032056', 62),
  (8909, 10115, 'BTN4012', 7, 2014, 4, '2001032023', 29),
  (8910, 10117, 'COE1011', 7, 2014, 3, '2001032057', 63),
  (8912, 10119, 'DBC3018', 7, 2014, 3, '2001032024', 30),
  (8913, 10120, 'GEN5026', 7, 2014, 3, '2001032058', 64),
  (8915, 10124, 'GEN6095', 8, 2014, 3, '2001032025', 31),
  (8916, 10125, 'ICH4022', 8, 2014, 3, '2001032059', 65),
  (8918, 10131, 'ONE4004', 8, 2014, 4, '2001032026', 32),
  (8919, 10132, 'ONE4005', 8, 2014, 4, '2001032060', 66),
  (8921, 10135, 'ONE4011', 8, 2014, 4, '2001032027', 33),
  (8922, 10140, 'TXE4065', 8, 2014, 4, '2001032061', 67),
  (8924, 10142, 'CHM4013', 9, 2014, 3, '2001032028', 34),
  (8925, 10144, 'EGY3001', 9, 2014, 3, '2001032062', 68),
  (8927, 10147, 'EGY4013', 9, 2014, 4, '2001032029', 35),
  (8928, 10148, 'EGY4016', 9, 2014, 4, '2001032063', 69),
  (8930, 10150, 'EGY4019', 9, 2014, 4, '2001032030', 36),
  (8931, 10151, 'GEN5026', 9, 2014, 3, '2001032064', 1);
/*!40000 ALTER TABLE `lecture` ENABLE KEYS */;


-- Dumping structure for table dbapp.lecture_time
CREATE TABLE IF NOT EXISTS `lecture_time` (
  `lectureId` int(11) NOT NULL,
  `period` int(11) NOT NULL,
  `startTime` datetime DEFAULT NULL,
  `endTime` datetime DEFAULT NULL,
  KEY `FK_lecture_time_lecture` (`lectureId`),
  CONSTRAINT `FK_lecture_time_lecture` FOREIGN KEY (`lectureId`) REFERENCES `lecture` (`lectureId`)
) ENGINE=InnoDB DEFAULT CHARSET=utf8;

-- Dumping data for table dbapp.lecture_time: ~0 rows (approximately)
/*!40000 ALTER TABLE `lecture_time` DISABLE KEYS */;
INSERT INTO `lecture_time` (`lectureId`, `period`, `startTime`, `endTime`) VALUES
  (8831, 1, '1900-01-02 05:30:00', '1900-01-02 07:00:00'),
  (8834, 1, '1900-01-02 00:00:00', '1900-01-02 02:00:00'),
  (8837, 1, '1900-01-03 05:30:00', '1900-01-03 07:00:00'),
  (8840, 1, '1900-01-04 05:30:00', '1900-01-04 07:00:00'),
  (8843, 1, '1900-01-02 06:30:00', '1900-01-02 08:00:00'),
  (8846, 1, '1900-01-03 08:30:00', '1900-01-03 09:30:00'),
  (8849, 1, '1900-01-04 06:00:00', '1900-01-04 07:30:00'),
  (8852, 1, '1900-01-02 05:00:00', '1900-01-02 06:30:00'),
  (8855, 1, '1900-01-01 04:30:00', '1900-01-01 06:00:00'),
  (8858, 1, '1900-01-02 06:30:00', '1900-01-02 08:00:00'),
  (8861, 1, '1900-01-02 00:00:00', '1900-01-02 01:30:00'),
  (8864, 1, '1900-01-06 07:00:00', '1900-01-06 09:00:00'),
  (8867, 1, '1900-01-02 05:30:00', '1900-01-02 07:00:00'),
  (8870, 1, '1900-01-02 01:30:00', '1900-01-02 03:00:00'),
  (8873, 1, '1900-01-02 07:00:00', '1900-01-02 08:30:00'),
  (8876, 1, '1900-01-02 04:00:00', '1900-01-02 06:00:00'),
  (8879, 1, '1900-01-01 04:00:00', '1900-01-01 05:30:00'),
  (8882, 1, '1900-01-04 00:00:00', '1900-01-04 02:00:00'),
  (8885, 1, '1900-01-02 00:00:00', '1900-01-02 01:30:00'),
  (8888, 1, '1900-01-01 07:00:00', '1900-01-01 08:30:00'),
  (8891, 1, '1900-01-02 07:00:00', '1900-01-02 11:00:00'),
  (8894, 1, '1900-01-02 01:30:00', '1900-01-02 03:00:00'),
  (8897, 1, '1900-01-02 04:00:00', '1900-01-02 06:00:00'),
  (8900, 1, '1900-01-02 06:00:00', '1900-01-02 07:30:00'),
  (8903, 1, '1900-01-01 05:30:00', '1900-01-01 07:00:00'),
  (8906, 1, '1900-01-01 00:00:00', '1900-01-01 01:30:00'),
  (8909, 1, '1900-01-06 03:00:00', '1900-01-06 05:00:00'),
  (8912, 1, '1900-01-02 04:00:00', '1900-01-02 05:30:00'),
  (8915, 1, NULL, NULL),
  (8918, 1, '1900-01-06 03:00:00', '1900-01-06 05:00:00'),
  (8921, 1, '1900-01-02 04:00:00', '1900-01-02 05:30:00'),
  (8924, 1, '1900-01-01 04:00:00', '1900-01-01 05:30:00'),
  (8927, 1, '1900-01-05 23:00:00', '1900-01-06 01:00:00'),
  (8930, 1, '1900-01-01 01:30:00', '1900-01-01 03:00:00'),
  (8832, 1, '1900-01-01 01:00:00', '1900-01-01 02:00:00'),
  (8835, 1, '1900-01-01 00:00:00', '1900-01-01 01:30:00'),
  (8838, 1, '1900-01-06 00:00:00', '1900-01-06 02:00:00'),
  (8841, 1, NULL, NULL),
  (8844, 1, NULL, NULL),
  (8847, 1, '1900-01-02 05:00:00', '1900-01-02 06:30:00'),
  (8850, 1, '1900-01-01 01:30:00', '1900-01-01 03:00:00'),
  (8853, 1, '1900-01-02 01:00:00', '1900-01-02 03:00:00'),
  (8856, 1, '1900-01-01 06:00:00', '1900-01-01 07:30:00'),
  (8859, 1, '1900-01-04 07:00:00', '1900-01-04 08:30:00'),
  (8862, 1, '1900-01-04 08:30:00', '1900-01-04 10:00:00'),
  (8865, 1, '1900-01-05 05:30:00', '1900-01-05 07:00:00'),
  (8868, 1, '1900-01-01 05:30:00', '1900-01-01 07:00:00'),
  (8871, 1, '1900-01-02 07:00:00', '1900-01-02 08:30:00'),
  (8874, 1, '1900-01-02 04:00:00', '1900-01-02 05:30:00'),
  (8877, 1, '1900-01-03 07:00:00', '1900-01-03 08:30:00'),
  (8880, 1, '1900-01-01 04:00:00', '1900-01-01 05:00:00'),
  (8883, 1, '1900-01-02 05:30:00', '1900-01-02 07:00:00'),
  (8886, 1, '1900-01-02 01:30:00', '1900-01-02 03:00:00'),
  (8889, 1, '1900-01-01 04:00:00', '1900-01-01 05:30:00'),
  (8892, 1, '1900-01-02 05:30:00', '1900-01-02 07:00:00'),
  (8895, 1, '1900-01-01 00:00:00', '1900-01-01 01:30:00'),
  (8898, 1, '1900-01-05 23:00:00', '1900-01-06 01:00:00'),
  (8901, 1, '1900-01-04 09:00:00', '1900-01-04 11:00:00'),
  (8904, 1, '1900-01-02 01:30:00', '1900-01-02 03:00:00'),
  (8907, 1, '1900-01-01 01:30:00', '1900-01-01 03:00:00'),
  (8910, 1, '1900-01-05 23:00:00', '1900-01-06 01:00:00'),
  (8913, 1, '1900-01-02 07:00:00', '1900-01-02 09:00:00'),
  (8916, 1, '1900-01-01 05:30:00', '1900-01-01 07:00:00'),
  (8919, 1, '1900-01-03 05:30:00', '1900-01-03 07:00:00'),
  (8922, 1, '1900-01-01 00:00:00', '1900-01-01 01:30:00'),
  (8925, 1, '1900-01-01 01:30:00', '1900-01-01 03:00:00'),
  (8928, 1, '1900-01-03 05:30:00', '1900-01-03 07:00:00'),
  (8931, 1, '1900-01-01 07:00:00', '1900-01-01 09:00:00'),
  (8833, 1, '1900-01-04 02:00:00', '1900-01-04 03:30:00'),
  (8836, 1, '1900-01-01 02:00:00', '1900-01-01 03:30:00'),
  (8839, 1, '1900-01-01 04:00:00', '1900-01-01 05:30:00'),
  (8842, 1, '1900-01-02 04:00:00', '1900-01-02 05:30:00'),
  (8845, 1, '1900-01-01 04:00:00', '1900-01-01 05:00:00'),
  (8848, 1, '1900-01-03 04:30:00', '1900-01-03 06:00:00'),
  (8851, 1, '1900-01-03 06:00:00', '1900-01-03 07:30:00'),
  (8854, 1, '1900-01-02 01:00:00', '1900-01-02 03:00:00'),
  (8857, 1, '1900-01-01 07:30:00', '1900-01-01 09:30:00'),
  (8860, 1, '1900-01-03 04:00:00', '1900-01-03 05:30:00'),
  (8863, 1, '1900-01-02 01:30:00', '1900-01-02 03:00:00'),
  (8866, 1, '1900-01-03 04:00:00', '1900-01-03 05:30:00'),
  (8869, 1, '1900-01-01 07:00:00', '1900-01-01 08:30:00'),
  (8872, 1, '1900-01-01 04:00:00', '1900-01-01 06:00:00'),
  (8875, 1, '1900-01-05 04:00:00', '1900-01-05 05:30:00'),
  (8878, 1, '1900-01-01 05:30:00', '1900-01-01 07:00:00'),
  (8881, 1, '1900-01-06 00:00:00', '1900-01-06 02:00:00'),
  (8884, 1, NULL, NULL),
  (8887, 1, '1900-01-01 00:00:00', '1900-01-01 01:30:00'),
  (8890, 1, '1900-01-06 03:00:00', '1900-01-06 05:00:00'),
  (8893, 1, '1900-01-01 04:00:00', '1900-01-01 05:30:00'),
  (8831, 2, '1900-01-05 04:00:00', '1900-01-05 05:30:00'),
  (8834, 2, '1900-01-04 00:00:00', '1900-01-04 02:00:00'),
  (8837, 2, '1900-01-05 05:30:00', '1900-01-05 07:00:00'),
  (8840, 2, '1900-01-05 05:30:00', '1900-01-05 07:00:00'),
  (8843, 2, '1900-01-03 07:00:00', '1900-01-03 08:30:00'),
  (8849, 2, '1900-01-05 06:00:00', '1900-01-05 07:30:00'),
  (8852, 2, '1900-01-05 04:30:00', '1900-01-05 06:00:00'),
  (8855, 2, '1900-01-03 04:30:00', '1900-01-03 06:00:00'),
  (8858, 2, '1900-01-05 01:30:00', '1900-01-05 03:00:00'),
  (8861, 2, '1900-01-04 04:00:00', '1900-01-04 05:30:00'),
  (8867, 2, '1900-01-02 07:00:00', '1900-01-02 08:30:00'),
  (8870, 2, '1900-01-04 04:00:00', '1900-01-04 05:30:00'),
  (8873, 2, '1900-01-04 01:30:00', '1900-01-04 03:00:00'),
  (8876, 2, '1900-01-02 06:00:00', '1900-01-02 08:00:00'),
  (8879, 2, '1900-01-04 07:00:00', '1900-01-04 08:30:00'),
  (8882, 2, '1900-01-04 02:00:00', '1900-01-04 04:00:00'),
  (8885, 2, '1900-01-05 04:00:00', '1900-01-05 05:30:00'),
  (8888, 2, '1900-01-03 04:00:00', '1900-01-03 05:30:00'),
  (8894, 2, '1900-01-04 01:30:00', '1900-01-04 03:00:00'),
  (8897, 2, '1900-01-04 04:00:00', '1900-01-04 06:00:00'),
  (8900, 2, '1900-01-04 07:00:00', '1900-01-04 08:30:00'),
  (8903, 2, '1900-01-03 05:30:00', '1900-01-03 07:00:00'),
  (8906, 2, '1900-01-03 00:00:00', '1900-01-03 01:30:00'),
  (8912, 2, '1900-01-03 05:30:00', '1900-01-03 07:00:00'),
  (8921, 2, '1900-01-04 07:30:00', '1900-01-04 09:00:00'),
  (8924, 2, '1900-01-03 00:00:00', '1900-01-03 01:30:00'),
  (8930, 2, '1900-01-03 01:30:00', '1900-01-03 03:00:00'),
  (8832, 2, '1900-01-03 01:00:00', '1900-01-03 02:00:00'),
  (8835, 2, '1900-01-03 00:00:00', '1900-01-03 01:30:00'),
  (8847, 2, '1900-01-04 01:30:00', '1900-01-04 03:00:00'),
  (8850, 2, '1900-01-03 01:30:00', '1900-01-03 03:00:00'),
  (8856, 2, '1900-01-03 06:00:00', '1900-01-03 07:30:00'),
  (8859, 2, '1900-01-05 07:00:00', '1900-01-05 08:30:00'),
  (8862, 2, '1900-01-05 08:30:00', '1900-01-05 10:00:00'),
  (8865, 2, '1900-01-05 07:00:00', '1900-01-05 08:30:00'),
  (8868, 2, '1900-01-03 05:30:00', '1900-01-03 07:00:00'),
  (8871, 2, '1900-01-04 01:30:00', '1900-01-04 03:00:00'),
  (8874, 2, '1900-01-04 00:00:00', '1900-01-04 01:30:00'),
  (8877, 2, '1900-01-05 01:30:00', '1900-01-05 03:00:00'),
  (8880, 2, '1900-01-01 05:00:00', '1900-01-01 09:00:00'),
  (8883, 2, '1900-01-04 05:30:00', '1900-01-04 07:00:00'),
  (8886, 2, '1900-01-04 01:30:00', '1900-01-04 03:00:00'),
  (8889, 2, '1900-01-03 04:00:00', '1900-01-03 05:30:00'),
  (8892, 2, '1900-01-04 04:00:00', '1900-01-04 05:30:00'),
  (8895, 2, '1900-01-03 05:30:00', '1900-01-03 07:00:00'),
  (8901, 2, '1900-01-05 04:00:00', '1900-01-05 06:00:00'),
  (8904, 2, '1900-01-04 01:30:00', '1900-01-04 03:00:00'),
  (8907, 2, '1900-01-03 01:30:00', '1900-01-03 03:00:00'),
  (8913, 2, '1900-01-02 09:00:00', '1900-01-02 11:00:00'),
  (8916, 2, '1900-01-03 00:00:00', '1900-01-03 01:30:00'),
  (8919, 2, '1900-01-05 05:30:00', '1900-01-05 07:00:00'),
  (8922, 2, '1900-01-02 01:30:00', '1900-01-02 03:00:00'),
  (8925, 2, '1900-01-03 01:30:00', '1900-01-03 03:00:00'),
  (8928, 2, '1900-01-05 01:30:00', '1900-01-05 03:00:00'),
  (8833, 2, '1900-01-05 01:30:00', '1900-01-05 03:00:00'),
  (8836, 2, '1900-01-03 04:00:00', '1900-01-03 05:30:00'),
  (8839, 2, '1900-01-04 07:00:00', '1900-01-04 08:30:00'),
  (8842, 2, '1900-01-04 04:00:00', '1900-01-04 05:30:00'),
  (8845, 2, '1900-01-01 05:00:00', '1900-01-01 07:00:00'),
  (8848, 2, '1900-01-04 01:30:00', '1900-01-04 03:00:00'),
  (8851, 2, '1900-01-05 04:30:00', '1900-01-05 06:00:00'),
  (8857, 2, '1900-01-04 04:00:00', '1900-01-04 06:00:00'),
  (8860, 2, '1900-01-05 04:00:00', '1900-01-05 05:30:00'),
  (8863, 2, '1900-01-05 01:30:00', '1900-01-05 03:00:00'),
  (8866, 2, '1900-01-05 04:00:00', '1900-01-05 05:30:00'),
  (8869, 2, '1900-01-02 04:00:00', '1900-01-02 05:30:00'),
  (8872, 2, '1900-01-04 09:00:00', '1900-01-04 11:00:00'),
  (8875, 2, '1900-01-05 05:30:00', '1900-01-05 07:00:00'),
  (8878, 2, '1900-01-03 01:30:00', '1900-01-03 03:00:00'),
  (8881, 2, '1900-01-06 02:00:00', '1900-01-06 04:00:00'),
  (8887, 2, '1900-01-03 00:00:00', '1900-01-03 01:30:00'),
  (8893, 2, '1900-01-02 04:00:00', '1900-01-02 05:30:00');
/*!40000 ALTER TABLE `lecture_time` ENABLE KEYS */;


-- Dumping structure for table dbapp.major
CREATE TABLE IF NOT EXISTS `major` (
  `majorId` int(11) NOT NULL,
  `name` varchar(255) NOT NULL,
  PRIMARY KEY (`majorId`)
) ENGINE=InnoDB DEFAULT CHARSET=utf8;

-- Dumping data for table dbapp.major: ~89 rows (approximately)
/*!40000 ALTER TABLE `major` DISABLE KEYS */;
INSERT INTO `major` (`majorId`, `name`) VALUES
  (1, '건설환경공학과'),
  (2, '소프트웨어전공'),
  (3, '컴퓨터전공'),
  (4, '전기공학전공'),
  (5, '건축공학부'),
  (6, '화학공학전공'),
  (7, '생명공학전공'),
  (8, '유기나노공학과'),
  (9, '에너지공학과'),
  (10, '기계공학부'),
  (11, '미래자동차공학과'),
  (12, '원자력공학과'),
  (13, '자원환경공학과'),
  (14, '산업공학과'),
  (15, '생체공학전공'),
  (16, '도시공학과'),
  (17, '융합전자공학부'),
  (18, '신소재공학부'),
  (19, '교육학과'),
  (20, '국어교육과'),
  (21, '영어교육과'),
  (22, '응용미술교육과'),
  (23, '교육공학과'),
  (24, '수학교육과'),
  (25, '성악과'),
  (26, '작곡과'),
  (27, '피아노과'),
  (28, '관현악과'),
  (29, '국악과'),
  (30, '국어국문학과'),
  (31, '영어영문학과'),
  (32, '독어독문학과'),
  (33, '중어중문학과'),
  (34, '사학과'),
  (35, '철학과'),
  (36, '관광학부'),
  (37, '수학전공'),
  (38, '물리학전공'),
  (39, '화학전공'),
  (40, '생명과학전공'),
  (41, '컴퓨터공학부'),
  (42, '정보시스템학과'),
  (43, '건축학부'),
  (44, '경영학부'),
  (45, '파이낸스경영학과'),
  (46, '국제학부'),
  (47, '경제금융학부'),
  (48, 'STS(과학기술학)전공'),
  (49, '공공수행인문학전공'),
  (50, '미디어문화전공'),
  (51, '영어커뮤니케이션전공'),
  (52, '통상한국어커뮤니케이션전공'),
  (53, '글로벌비즈니스문화전공(영어전용)'),
  (54, '중국경제통상전공'),
  (55, '정책학과'),
  (56, '법학과'),
  (57, '의류학과'),
  (58, '식품영양학과'),
  (59, '실내건축디자인학과'),
  (60, '체육학과'),
  (61, '스포츠산업학과'),
  (62, '연극영화학과'),
  (63, '무용학과'),
  (64, '간호학전공'),
  (65, '간호전공'),
  (66, '정치외교학과'),
  (67, '사회학과'),
  (68, '미디어커뮤니케이션학과'),
  (69, '행정학과'),
  (70, '한중통번역전공'),
  (71, '화공생명공학부'),
  (72, '전기·생체공학부'),
  (73, '의예과'),
  (74, '수학과'),
  (75, '물리학과'),
  (76, '화학과'),
  (77, '생명과학과'),
  (78, '응용시스템학과'),
  (79, '교양인영역'),
  (80, '인문과예술영역'),
  (81, '언어와표현영역'),
  (82, '세계인영역'),
  (83, '사회와세계영역'),
  (84, '실용인영역'),
  (85, '비지니스와리더쉽영역'),
  (86, '과학과기술영역'),
  (87, '서울 대학'),
  (88, '봉사인영역'),
  (89, '가상대학영역');
/*!40000 ALTER TABLE `major` ENABLE KEYS */;


-- Dumping structure for table dbapp.subject
CREATE TABLE IF NOT EXISTS `subject` (
  `subjectId` varchar(255) NOT NULL,
  `title` varchar(255) NOT NULL,
  `credit` int(11) NOT NULL,
  PRIMARY KEY (`subjectId`)
) ENGINE=InnoDB DEFAULT CHARSET=utf8;

-- Dumping data for table dbapp.subject: ~75 rows (approximately)
/*!40000 ALTER TABLE `subject` DISABLE KEYS */;
INSERT INTO `subject` (`subjectId`, `title`, `credit`) VALUES
  ('ARE3009', '건축구조역학2', 3),
  ('ARE3069', '건설사업관리1', 3),
  ('ARE4014', '건축구조계획', 3),
  ('ARE4020', '건축공학실험', 3),
  ('ARE4022', '건축음향', 3),
  ('ARE4026', '환경과생태건축', 3),
  ('ARE4030', '전기회로및조명시스템', 3),
  ('ARE5013', '건축종합설계2', 3),
  ('ARE5032', '공학프로젝트및현장실습2', 3),
  ('BIO2022', '세포생물학', 3),
  ('BTN4005', '생물나노소재', 3),
  ('BTN4009', '응용유전학', 3),
  ('BTN4012', '공학종합설계2(URIP)', 1),
  ('CHE1015', '기능성고분자', 3),
  ('CHE3006', '화공열역학2', 3),
  ('CHE3012', '물질전달', 3),
  ('CHE4053', '유기소자공학', 3),
  ('CHE4054', '화학공학종합설계2(URIP)', 3),
  ('CHM3066', '화공기초실험', 2),
  ('CHM3078', '촉매반응공학', 3),
  ('CHM4001', '기기분석', 3),
  ('CHM4013', '고분자물성', 3),
  ('CHM4083', '나노화학공학', 3),
  ('CIE2007', '측량학', 3),
  ('CIE3022', '철근콘크리트구조설계', 3),
  ('CIE3032', '지반공학및실험', 3),
  ('CIE3033', '건설경제학', 3),
  ('CIE3070', '철근콘크리트구조2', 3),
  ('CIE4011', '수리학및실험', 3),
  ('CIE4047', '수공구조물설계', 3),
  ('CIE4058', '구조동역학', 3),
  ('CIE4065', '유비쿼터스첨단건설공학', 3),
  ('CIE4068', '건설환경공학종합설계2', 3),
  ('CME4002', '화공전산설계', 3),
  ('COE1011', '실용공학연구2', 1),
  ('COE3053', '공업수학3', 3),
  ('CSE4006', '소프트웨어공학', 3),
  ('DBC3018', '미생물학', 3),
  ('ECL3005', '임베디드제어시스템', 3),
  ('ECL3007', '플라즈마공학2', 3),
  ('ECL4009', '피드백시스템', 3),
  ('ECL4010', '차량전자제어', 3),
  ('ECL4011', '전동력제어', 3),
  ('ECL4013', '전기공학종합설계2', 3),
  ('ECL4014', '산업플라즈마공학', 3),
  ('ECL4015', '전력전자제어', 3),
  ('ECL4018', '전기공학세미나', 3),
  ('EEC3005', '상하수도공학', 3),
  ('EGY3001', '재료물성학', 3),
  ('EGY4013', '에너지공학종합설계2', 3),
  ('EGY4016', '나노바이오에너지소재', 3),
  ('EGY4019', '에너지유기소재', 3),
  ('ELE3004', '제어공학', 3),
  ('ELE3013', '전기기기', 3),
  ('ELE3020', '컴퓨터구조2', 3),
  ('ELE4019', '전력시스템공학', 3),
  ('ELE4025', '펄스파워공학', 3),
  ('ELE4029', '컴파일러', 3),
  ('ENE4019', '컴퓨터네트워크', 3),
  ('GEN3052', '환경공학', 3),
  ('GEN5026', '테크노경영학', 3),
  ('GEN6006', '특허법의이해', 2),
  ('GEN6095', '전공현장실습2', 3),
  ('ICH4022', '고분자재료', 3),
  ('ITE3016', '데이터베이스시스템', 3),
  ('ITE3060', '시스템프로그램설계2', 2),
  ('ITE3068', '소프트웨어스튜디오2', 3),
  ('ITE3070', '전공멘토링6', 1),
  ('MAT3008', '수치해석', 3),
  ('MEE4001', '열전달', 3),
  ('MME3026', '암반공학', 3),
  ('ONE4004', '유기나노공학종합설계2', 3),
  ('ONE4005', '전공세미나(유기나노공학)URIP', 3),
  ('ONE4011', '유기전자소재나노공정', 3),
  ('TXE4065', '고분자구조', 3);
/*!40000 ALTER TABLE `subject` ENABLE KEYS */;
/*!40101 SET SQL_MODE=IFNULL(@OLD_SQL_MODE, '') */;
/*!40014 SET FOREIGN_KEY_CHECKS=IF(@OLD_FOREIGN_KEY_CHECKS IS NULL, 1, @OLD_FOREIGN_KEY_CHECKS) */;
/*!40101 SET CHARACTER_SET_CLIENT=@OLD_CHARACTER_SET_CLIENT */;
