-- --------------------------------------------------------
-- Host:                         127.0.0.1
-- Server version:               5.5.5-10.0.15-MariaDB - Homebrew
-- Server OS:                    osx10.10
-- HeidiSQL Version:             8.3.0.4694
-- --------------------------------------------------------

/*!40101 SET @OLD_CHARACTER_SET_CLIENT=@@CHARACTER_SET_CLIENT */;
/*!40101 SET NAMES utf8 */;
/*!40014 SET @OLD_FOREIGN_KEY_CHECKS=@@FOREIGN_KEY_CHECKS, FOREIGN_KEY_CHECKS=0 */;
/*!40101 SET @OLD_SQL_MODE=@@SQL_MODE, SQL_MODE='NO_AUTO_VALUE_ON_ZERO' */;

-- Dumping database structure for dbapp
DROP DATABASE IF EXISTS `dbapp`;
CREATE DATABASE IF NOT EXISTS `dbapp` /*!40100 DEFAULT CHARACTER SET utf8 */;
USE `dbapp`;


-- Dumping structure for table dbapp.building
DROP TABLE IF EXISTS `building`;
CREATE TABLE IF NOT EXISTS `building` (
  `buildingId` int(11) NOT NULL,
  `name` varchar(255) NOT NULL,
  `admin` varchar(255) NOT NULL,
  `count` int(11) NOT NULL,
  PRIMARY KEY (`buildingId`)
) ENGINE=InnoDB DEFAULT CHARSET=utf8;

-- Dumping data for table dbapp.building: ~13 rows (approximately)
/*!40000 ALTER TABLE `building` DISABLE KEYS */;
INSERT INTO `building` (`buildingId`, `name`, `admin`, `count`) VALUES
  (1, 'IT / BT', '공과대학', 20),
  (2, '의대계단 강의동', '의과대학', 15),
  (3, '생활과학관', '인문과학', 23),
  (4, '산학기술관', '공과대학', 17),
  (5, '올림픽 체육관', '예술학부', 5),
  (6, '제 1공학관', '공과대학', 38),
  (7, '제 2공학관', '공과대학', 29),
  (8, 'FTC', '공과대학', 13),
  (9, '제 1의학관', '의과대학', 17),
  (10, '제 1법학관', '법과대학', 15),
  (11, '제 2법학관', '법과대학', 14),
  (12, '자연과학관', '자연과학', 23),
  (13, '사회과학관', '사회과학', 22);
/*!40000 ALTER TABLE `building` ENABLE KEYS */;


-- Dumping structure for table dbapp.instructor
DROP TABLE IF EXISTS `instructor`;
CREATE TABLE IF NOT EXISTS `instructor` (
  `instructorId` varchar(255) NOT NULL,
  `name` varchar(255) NOT NULL,
  `majorId` int(11) DEFAULT NULL,
  PRIMARY KEY (`instructorId`),
  KEY `FK_instructor_major` (`majorId`),
  CONSTRAINT `FK_instructor_major` FOREIGN KEY (`majorId`) REFERENCES `major` (`majorId`)
) ENGINE=InnoDB DEFAULT CHARSET=utf8;

-- Dumping data for table dbapp.instructor: ~89 rows (approximately)
/*!40000 ALTER TABLE `instructor` DISABLE KEYS */;
INSERT INTO `instructor` (`instructorId`, `name`, `majorId`) VALUES
  ('2001001001', '조병완', 1),
  ('2001001002', '조용식', 1),
  ('2001011003', '조병완', 1),
  ('2001011004', '김종오', 1),
  ('2001021002', '유인경', 2),
  ('2001031001', '박희진', 2),
  ('2001032003', '이인환', 3),
  ('2001032004', '최진식', 3),
  ('2001032005', '김상욱', 3),
  ('2001032006', '박종일', 3),
  ('2001032007', '신동훈', 4),
  ('2001032008', '고광철', 4),
  ('2001032009', '정진욱', 4),
  ('2001032010', '김진오', 4),
  ('2001032011', '최창식', 5),
  ('2001032012', '이충선', 5),
  ('2001032013', '정재원', 5),
  ('2001032014', '이종석', 5),
  ('2001032015', '김승남', 5),
  ('2001032016', '문성용', 6),
  ('2001032017', '서경도', 6),
  ('2001032018', '서경도', 6),
  ('2001032019', '김진국', 6),
  ('2001032020', '공성호', 6),
  ('2001032021', '서영웅', 6),
  ('2001032022', '이동윤', 7),
  ('2001032023', '류성언', 7),
  ('2001032024', '윤채옥', 7),
  ('2001032025', '안희준', 8),
  ('2001032026', '안희준', 8),
  ('2001032027', '안희준', 8),
  ('2001032028', '강용수', 9),
  ('2001032029', '강용수', 9),
  ('2001032030', '강용수', 9),
  ('2001032031', '박두희', 1),
  ('2001032032', '조용식', 1),
  ('2001032033', '유재석', 1),
  ('2001032034', '조용식', 1),
  ('2001032035', '유인경', 2),
  ('2001032036', '유민수', 3),
  ('2001032037', '임을규', 3),
  ('2001032038', '장의선', 3),
  ('2001032039', '김상욱', 3),
  ('2001032040', '이형철', 4),
  ('2001032041', '이형철', 4),
  ('2001032042', '노태협', 4),
  ('2001032043', '정정주', 4),
  ('2001032044', '고광철', 4),
  ('2001032045', '유기찬', 5),
  ('2001032046', '전진용', 5),
  ('2001032047', '박운종', 5),
  ('2001032048', '한상환', 5),
  ('2001032049', 'Justyn Wayne Jaworski', 6),
  ('2001032050', '서동학', 6),
  ('2001032051', '서영웅', 6),
  ('2001032052', '오성근', 6),
  ('2001032053', '서경도', 6),
  ('2001032054', '이병희', 6),
  ('2001032055', '류성언', 7),
  ('2001032056', '임태연', 7),
  ('2001032057', '김용희', 7),
  ('2001032058', '안광일', 7),
  ('2001032059', '김성훈', 8),
  ('2001032060', '안희준', 8),
  ('2001032061', '임승순', 8),
  ('2001032062', '이윤정', 9),
  ('2001032063', '이윤정', 9),
  ('2001032064', '안광일', 9),
  ('2001032065', '서종원', 1),
  ('2001032066', '박대효', 1),
  ('2001032067', '강석구', 1),
  ('2001032068', '반호기', 1),
  ('2001032069', '최용석', 2),
  ('2001032070', '유인경', 3),
  ('2001032071', '이춘화', 3),
  ('2001032072', '한규옥', 3),
  ('2001032073', '최진식', 3),
  ('2001032074', '정규선', 4),
  ('2001032075', '현동석', 4),
  ('2001032076', '김래영', 4),
  ('2001032077', '이주', 4),
  ('2001032078', '김동준', 4),
  ('2001032079', '김효진', 5),
  ('2001032080', '전진용', 5),
  ('2001032081', '차성민', 5),
  ('2001032082', '김주형', 5),
  ('2001032083', '배영찬', 6),
  ('2001032084', '서경도', 6),
  ('2001032085', '구상만', 6);
/*!40000 ALTER TABLE `instructor` ENABLE KEYS */;


-- Dumping structure for table dbapp.lecture
DROP TABLE IF EXISTS `lecture`;
CREATE TABLE IF NOT EXISTS `lecture` (
  `lectureId` int(11) NOT NULL,
  `number` int(11) NOT NULL,
  `subjectId` varchar(255) NOT NULL,
  `majorId` int(11) NOT NULL,
  `schoolYear` int(11) NOT NULL,
  `instructorId` varchar(255) NOT NULL,
  `limit` int(11) NOT NULL,
  `year` int(11) NOT NULL,
  `roomId` int(11) DEFAULT NULL,
  PRIMARY KEY (`lectureId`),
  KEY `FK_lecture_subject` (`subjectId`),
  KEY `FK_lecture_major` (`majorId`),
  KEY `FK_lecture_instructor` (`instructorId`),
  KEY `FK_lecture_room` (`roomId`),
  CONSTRAINT `FK_lecture_instructor` FOREIGN KEY (`instructorId`) REFERENCES `instructor` (`instructorId`),
  CONSTRAINT `FK_lecture_major` FOREIGN KEY (`majorId`) REFERENCES `major` (`majorId`),
  CONSTRAINT `FK_lecture_room` FOREIGN KEY (`roomId`) REFERENCES `room` (`roomId`),
  CONSTRAINT `FK_lecture_subject` FOREIGN KEY (`subjectId`) REFERENCES `subject` (`subjectId`)
) ENGINE=InnoDB DEFAULT CHARSET=utf8;

-- Dumping data for table dbapp.lecture: ~356 rows (approximately)
/*!40000 ALTER TABLE `lecture` DISABLE KEYS */;
INSERT INTO `lecture` (`lectureId`, `number`, `subjectId`, `majorId`, `schoolYear`, `instructorId`, `limit`, `year`, `roomId`) VALUES
  (8831, 10003, 'CIE3022', 1, 3, '2001001001', 3, 2014, 169),
  (8832, 10004, 'CIE3032', 1, 3, '2001032031', 37, 2014, 163),
  (8833, 10005, 'CIE3033', 1, 3, '2001032065', 25, 2014, 101),
  (8834, 10007, 'CIE4011', 1, 3, '2001001002', 4, 2014, 7),
  (8835, 10009, 'CIE4047', 1, 4, '2001032032', 38, 2014, 65),
  (8836, 10010, 'CIE4058', 1, 3, '2001032066', 25, 2014, 148),
  (8837, 10012, 'CIE4065', 1, 4, '2001011003', 5, 2014, 153),
  (8838, 10013, 'CIE4068', 1, 4, '2001032033', 39, 2014, 82),
  (8839, 10014, 'COE3053', 1, 3, '2001032067', 25, 2014, 92),
  (8840, 10015, 'EEC3005', 1, 3, '2001011004', 6, 2014, 107),
  (8841, 10016, 'GEN6095', 1, 3, '2001032034', 35, 2014, 156),
  (8842, 10017, 'MME3026', 1, 3, '2001032068', 25, 2014, 91),
  (8843, 10020, 'CSE4006', 2, 3, '2001021002', 7, 2014, 85),
  (8844, 10022, 'GEN6095', 2, 3, '2001032035', 35, 2014, 88),
  (8845, 10025, 'ITE3068', 2, 3, '2001032069', 25, 2014, 117),
  (8846, 10027, 'ITE3070', 2, 3, '2001031001', 8, 2014, 99),
  (8847, 10029, 'CSE4006', 3, 3, '2001032036', 33, 2014, 36),
  (8848, 10030, 'CSE4006', 3, 3, '2001032070', 25, 2014, 193),
  (8849, 10031, 'ELE3020', 3, 3, '2001032003', 9, 2014, 162),
  (8850, 10033, 'ELE4029', 3, 3, '2001032037', 31, 2014, 76),
  (8851, 10035, 'ENE4019', 3, 3, '2001032071', 25, 2014, 54),
  (8852, 10036, 'ENE4019', 3, 3, '2001032004', 10, 2014, 181),
  (8853, 10037, 'GEN6006', 3, 3, '2001032038', 32, 2014, 137),
  (8854, 10038, 'GEN6006', 3, 3, '2001032072', 25, 2014, 6),
  (8855, 10041, 'ITE3016', 3, 3, '2001032005', 11, 2014, 105),
  (8856, 10042, 'ITE3016', 3, 3, '2001032039', 33, 2014, 175),
  (8857, 10043, 'ITE3060', 3, 3, '2001032073', 25, 2014, 66),
  (8858, 10045, 'MAT3008', 3, 3, '2001032006', 12, 2014, 172),
  (8859, 10051, 'ECL3005', 4, 3, '2001032040', 30, 2014, 194),
  (8860, 10052, 'ECL3007', 4, 3, '2001032074', 25, 2014, 106),
  (8861, 10055, 'ECL4009', 4, 4, '2001032007', 13, 2014, 80),
  (8862, 10056, 'ECL4010', 4, 4, '2001032041', 35, 2014, 47),
  (8863, 10057, 'ECL4011', 4, 4, '2001032075', 25, 2014, 158),
  (8864, 10058, 'ECL4013', 4, 4, '2001032008', 14, 2014, 69),
  (8865, 10059, 'ECL4014', 4, 4, '2001032042', 35, 2014, 59),
  (8866, 10060, 'ECL4015', 4, 4, '2001032076', 25, 2014, 168),
  (8867, 10061, 'ECL4018', 4, 4, '2001032009', 15, 2014, 12),
  (8868, 10062, 'ELE3004', 4, 3, '2001032043', 31, 2014, 143),
  (8869, 10063, 'ELE3013', 4, 3, '2001032077', 25, 2014, 33),
  (8870, 10065, 'ELE4019', 4, 3, '2001032010', 16, 2014, 124),
  (8871, 10066, 'ELE4025', 4, 3, '2001032044', 50, 2014, 51),
  (8872, 10067, 'GEN5026', 4, 3, '2001032078', 25, 2014, 186),
  (8873, 10072, 'ARE3009', 5, 3, '2001032011', 17, 2014, 4),
  (8874, 10073, 'ARE3069', 5, 3, '2001032045', 30, 2014, 151),
  (8875, 10074, 'ARE4014', 5, 4, '2001032079', 25, 2014, 111),
  (8876, 10075, 'ARE4020', 5, 4, '2001032012', 18, 2014, 113),
  (8877, 10076, 'ARE4022', 5, 3, '2001032046', 30, 2014, 109),
  (8878, 10077, 'ARE4026', 5, 4, '2001032080', 25, 2014, 18),
  (8879, 10078, 'ARE4030', 5, 4, '2001032013', 19, 2014, 183),
  (8880, 10079, 'ARE5013', 5, 3, '2001032047', 30, 2014, 16),
  (8881, 10080, 'ARE5032', 5, 4, '2001032081', 25, 2014, 173),
  (8882, 10081, 'CIE2007', 5, 4, '2001032014', 20, 2014, 147),
  (8883, 10082, 'CIE3070', 5, 3, '2001032048', 30, 2014, 145),
  (8884, 10083, 'GEN6095', 5, 3, '2001032082', 25, 2014, 50),
  (8885, 10084, 'MAT3008', 5, 3, '2001032015', 21, 2014, 152),
  (8886, 10086, 'CHE1015', 6, 4, '2001032049', 30, 2014, 68),
  (8887, 10087, 'CHE3006', 6, 3, '2001032083', 25, 2014, 192),
  (8888, 10088, 'CHE3012', 6, 3, '2001032016', 22, 2014, 93),
  (8889, 10089, 'CHE4053', 6, 4, '2001032050', 30, 2014, 40),
  (8890, 10090, 'CHE4054', 6, 4, '2001032084', 25, 2014, 197),
  (8891, 10091, 'CHM3066', 6, 3, '2001032017', 23, 2014, 84),
  (8892, 10092, 'CHM3078', 6, 3, '2001032051', 30, 2014, 115),
  (8893, 10093, 'CHM4001', 6, 3, '2001032085', 25, 2014, 70),
  (8894, 10094, 'CHM4013', 6, 3, '2001032018', 24, 2014, 182),
  (8895, 10096, 'CHM4083', 6, 4, '2001032052', 30, 2014, 8),
  (8897, 10099, 'CME4002', 6, 4, '2001032019', 25, 2014, 31),
  (8898, 10100, 'COE1011', 6, 3, '2001032053', 30, 2014, 29),
  (8900, 10102, 'GEN3052', 6, 4, '2001032020', 26, 2014, 164),
  (8901, 10103, 'GEN5026', 6, 3, '2001032054', 30, 2014, 75),
  (8903, 10105, 'MEE4001', 6, 3, '2001032021', 27, 2014, 10),
  (8904, 10108, 'BIO2022', 7, 3, '2001032055', 30, 2014, 138),
  (8906, 10112, 'BTN4005', 7, 4, '2001032022', 28, 2014, 167),
  (8907, 10113, 'BTN4009', 7, 4, '2001032056', 30, 2014, 157),
  (8909, 10115, 'BTN4012', 7, 4, '2001032023', 29, 2014, 103),
  (8910, 10117, 'COE1011', 7, 3, '2001032057', 30, 2014, 25),
  (8912, 10119, 'DBC3018', 7, 3, '2001032024', 30, 2014, 199),
  (8913, 10120, 'GEN5026', 7, 3, '2001032058', 30, 2014, 116),
  (8915, 10124, 'GEN6095', 8, 3, '2001032025', 31, 2014, 72),
  (8916, 10125, 'ICH4022', 8, 3, '2001032059', 30, 2014, 127),
  (8918, 10131, 'ONE4004', 8, 4, '2001032026', 32, 2014, 41),
  (8919, 10132, 'ONE4005', 8, 4, '2001032060', 30, 2014, 60),
  (8921, 10135, 'ONE4011', 8, 4, '2001032027', 33, 2014, 122),
  (8922, 10140, 'TXE4065', 8, 4, '2001032061', 30, 2014, 17),
  (8924, 10142, 'CHM4013', 9, 3, '2001032028', 34, 2014, 90),
  (8925, 10144, 'EGY3001', 9, 3, '2001032062', 30, 2014, 179),
  (8927, 10147, 'EGY4013', 9, 4, '2001032029', 35, 2014, 170),
  (8928, 10148, 'EGY4016', 9, 4, '2001032063', 30, 2014, 128),
  (8930, 10150, 'EGY4019', 9, 4, '2001032030', 36, 2014, 134),
  (8931, 10151, 'GEN5026', 9, 3, '2001032064', 25, 2014, 160),
  (88311, 10003, 'CIE3022', 1, 3, '2001001001', 25, 2013, NULL),
  (88312, 10003, 'CIE3022', 1, 3, '2001001001', 22, 2012, NULL),
  (88313, 10003, 'CIE3022', 1, 3, '2001001001', 34, 2011, NULL),
  (88321, 10004, 'CIE3032', 1, 3, '2001032031', 37, 2013, NULL),
  (88322, 10004, 'CIE3032', 1, 3, '2001032031', 34, 2012, NULL),
  (88323, 10004, 'CIE3032', 1, 3, '2001032031', 37, 2011, NULL),
  (88331, 10005, 'CIE3033', 1, 3, '2001032065', 35, 2013, NULL),
  (88332, 10005, 'CIE3033', 1, 3, '2001032065', 27, 2012, NULL),
  (88333, 10005, 'CIE3033', 1, 3, '2001032065', 2, 2011, NULL),
  (88341, 10007, 'CIE4011', 1, 3, '2001001002', 25, 2013, NULL),
  (88342, 10007, 'CIE4011', 1, 3, '2001001002', 28, 2012, NULL),
  (88343, 10007, 'CIE4011', 1, 3, '2001001002', 32, 2011, NULL),
  (88351, 10009, 'CIE4047', 1, 4, '2001032032', 38, 2013, NULL),
  (88352, 10009, 'CIE4047', 1, 4, '2001032032', 23, 2012, NULL),
  (88353, 10009, 'CIE4047', 1, 4, '2001032032', 38, 2011, NULL),
  (88361, 10010, 'CIE4058', 1, 3, '2001032066', 25, 2013, NULL),
  (88362, 10010, 'CIE4058', 1, 3, '2001032066', 36, 2012, NULL),
  (88363, 10010, 'CIE4058', 1, 3, '2001032066', 3, 2011, NULL),
  (88371, 10012, 'CIE4065', 1, 4, '2001011003', 25, 2013, NULL),
  (88372, 10012, 'CIE4065', 1, 4, '2001011003', 33, 2012, NULL),
  (88373, 10012, 'CIE4065', 1, 4, '2001011003', 26, 2011, NULL),
  (88381, 10013, 'CIE4068', 1, 4, '2001032033', 29, 2013, NULL),
  (88382, 10013, 'CIE4068', 1, 4, '2001032033', 36, 2012, NULL),
  (88383, 10013, 'CIE4068', 1, 4, '2001032033', 39, 2011, NULL),
  (88391, 10014, 'COE3053', 1, 3, '2001032067', 25, 2013, NULL),
  (88392, 10014, 'COE3053', 1, 3, '2001032067', 36, 2012, NULL),
  (88393, 10014, 'COE3053', 1, 3, '2001032067', 4, 2011, NULL),
  (88401, 10015, 'EEC3005', 1, 3, '2001011004', 25, 2013, NULL),
  (88402, 10015, 'EEC3005', 1, 3, '2001011004', 38, 2012, NULL),
  (88403, 10015, 'EEC3005', 1, 3, '2001011004', 27, 2011, NULL),
  (88411, 10016, 'GEN6095', 1, 3, '2001032034', 40, 2013, NULL),
  (88412, 10016, 'GEN6095', 1, 3, '2001032034', 32, 2012, NULL),
  (88413, 10016, 'GEN6095', 1, 3, '2001032034', 40, 2011, NULL),
  (88421, 10017, 'MME3026', 1, 3, '2001032068', 35, 2013, NULL),
  (88422, 10017, 'MME3026', 1, 3, '2001032068', 29, 2012, NULL),
  (88423, 10017, 'MME3026', 1, 3, '2001032068', 5, 2011, NULL),
  (88431, 10020, 'CSE4006', 2, 3, '2001021002', 25, 2013, NULL),
  (88432, 10020, 'CSE4006', 2, 3, '2001021002', 20, 2012, NULL),
  (88433, 10020, 'CSE4006', 2, 3, '2001021002', 26, 2011, NULL),
  (88441, 10022, 'GEN6095', 2, 3, '2001032035', 29, 2013, NULL),
  (88442, 10022, 'GEN6095', 2, 3, '2001032035', 31, 2012, NULL),
  (88443, 10022, 'GEN6095', 2, 3, '2001032035', 34, 2011, NULL),
  (88451, 10025, 'ITE3068', 2, 3, '2001032069', 29, 2013, NULL),
  (88452, 10025, 'ITE3068', 2, 3, '2001032069', 24, 2012, NULL),
  (88453, 10025, 'ITE3068', 2, 3, '2001032069', 6, 2011, NULL),
  (88461, 10027, 'ITE3070', 2, 3, '2001031001', 25, 2013, NULL),
  (88462, 10027, 'ITE3070', 2, 3, '2001031001', 19, 2012, NULL),
  (88463, 10027, 'ITE3070', 2, 3, '2001031001', 22, 2011, NULL),
  (88471, 10029, 'CSE4006', 3, 3, '2001032036', 33, 2013, NULL),
  (88472, 10029, 'CSE4006', 3, 3, '2001032036', 32, 2012, NULL),
  (88473, 10029, 'CSE4006', 3, 3, '2001032036', 30, 2011, NULL),
  (88481, 10030, 'CSE4006', 3, 3, '2001032070', 19, 2013, NULL),
  (88482, 10030, 'CSE4006', 3, 3, '2001032070', 29, 2012, NULL),
  (88483, 10030, 'CSE4006', 3, 3, '2001032070', 7, 2011, NULL),
  (88491, 10031, 'ELE3020', 3, 3, '2001032003', 25, 2013, NULL),
  (88492, 10031, 'ELE3020', 3, 3, '2001032003', 28, 2012, NULL),
  (88493, 10031, 'ELE3020', 3, 3, '2001032003', 39, 2011, NULL),
  (88501, 10033, 'ELE4029', 3, 3, '2001032037', 33, 2013, NULL),
  (88502, 10033, 'ELE4029', 3, 3, '2001032037', 40, 2012, NULL),
  (88503, 10033, 'ELE4029', 3, 3, '2001032037', 34, 2011, NULL),
  (88511, 10035, 'ENE4019', 3, 3, '2001032071', 34, 2013, NULL),
  (88512, 10035, 'ENE4019', 3, 3, '2001032071', 23, 2012, NULL),
  (88513, 10035, 'ENE4019', 3, 3, '2001032071', 8, 2011, NULL),
  (88521, 10036, 'ENE4019', 3, 3, '2001032004', 25, 2013, NULL),
  (88522, 10036, 'ENE4019', 3, 3, '2001032004', 27, 2012, NULL),
  (88523, 10036, 'ENE4019', 3, 3, '2001032004', 10, 2011, NULL),
  (88531, 10037, 'GEN6006', 3, 3, '2001032038', 35, 2013, NULL),
  (88532, 10037, 'GEN6006', 3, 3, '2001032038', 21, 2012, NULL),
  (88533, 10037, 'GEN6006', 3, 3, '2001032038', 38, 2011, NULL),
  (88541, 10038, 'GEN6006', 3, 3, '2001032072', 30, 2013, NULL),
  (88542, 10038, 'GEN6006', 3, 3, '2001032072', 24, 2012, NULL),
  (88543, 10038, 'GEN6006', 3, 3, '2001032072', 9, 2011, NULL),
  (88551, 10041, 'ITE3016', 3, 3, '2001032005', 25, 2013, NULL),
  (88552, 10041, 'ITE3016', 3, 3, '2001032005', 32, 2012, NULL),
  (88553, 10041, 'ITE3016', 3, 3, '2001032005', 11, 2011, NULL),
  (88561, 10042, 'ITE3016', 3, 3, '2001032039', 32, 2013, NULL),
  (88562, 10042, 'ITE3016', 3, 3, '2001032039', 28, 2012, NULL),
  (88563, 10042, 'ITE3016', 3, 3, '2001032039', 37, 2011, NULL),
  (88571, 10043, 'ITE3060', 3, 3, '2001032073', 34, 2013, NULL),
  (88572, 10043, 'ITE3060', 3, 3, '2001032073', 30, 2012, NULL),
  (88573, 10043, 'ITE3060', 3, 3, '2001032073', 10, 2011, NULL),
  (88581, 10045, 'MAT3008', 3, 3, '2001032006', 25, 2013, NULL),
  (88582, 10045, 'MAT3008', 3, 3, '2001032006', 29, 2012, NULL),
  (88583, 10045, 'MAT3008', 3, 3, '2001032006', 12, 2011, NULL),
  (88591, 10051, 'ECL3005', 4, 3, '2001032040', 25, 2013, NULL),
  (88592, 10051, 'ECL3005', 4, 3, '2001032040', 35, 2012, NULL),
  (88593, 10051, 'ECL3005', 4, 3, '2001032040', 32, 2011, NULL),
  (88601, 10052, 'ECL3007', 4, 3, '2001032074', 38, 2013, NULL),
  (88602, 10052, 'ECL3007', 4, 3, '2001032074', 20, 2012, NULL),
  (88603, 10052, 'ECL3007', 4, 3, '2001032074', 11, 2011, NULL),
  (88611, 10055, 'ECL4009', 4, 4, '2001032007', 25, 2013, NULL),
  (88612, 10055, 'ECL4009', 4, 4, '2001032007', 22, 2012, NULL),
  (88613, 10055, 'ECL4009', 4, 4, '2001032007', 13, 2011, NULL),
  (88621, 10056, 'ECL4010', 4, 4, '2001032041', 36, 2013, NULL),
  (88622, 10056, 'ECL4010', 4, 4, '2001032041', 32, 2012, NULL),
  (88623, 10056, 'ECL4010', 4, 4, '2001032041', 32, 2011, NULL),
  (88631, 10057, 'ECL4011', 4, 4, '2001032075', 37, 2013, NULL),
  (88632, 10057, 'ECL4011', 4, 4, '2001032075', 38, 2012, NULL),
  (88633, 10057, 'ECL4011', 4, 4, '2001032075', 12, 2011, NULL),
  (88641, 10058, 'ECL4013', 4, 4, '2001032008', 25, 2013, NULL),
  (88642, 10058, 'ECL4013', 4, 4, '2001032008', 18, 2012, NULL),
  (88643, 10058, 'ECL4013', 4, 4, '2001032008', 14, 2011, NULL),
  (88651, 10059, 'ECL4014', 4, 4, '2001032042', 33, 2013, NULL),
  (88652, 10059, 'ECL4014', 4, 4, '2001032042', 40, 2012, NULL),
  (88653, 10059, 'ECL4014', 4, 4, '2001032042', 18, 2011, NULL),
  (88661, 10060, 'ECL4015', 4, 4, '2001032076', 32, 2013, NULL),
  (88662, 10060, 'ECL4015', 4, 4, '2001032076', 39, 2012, NULL),
  (88663, 10060, 'ECL4015', 4, 4, '2001032076', 13, 2011, NULL),
  (88671, 10061, 'ECL4018', 4, 4, '2001032009', 25, 2013, NULL),
  (88672, 10061, 'ECL4018', 4, 4, '2001032009', 27, 2012, NULL),
  (88673, 10061, 'ECL4018', 4, 4, '2001032009', 15, 2011, NULL),
  (88681, 10062, 'ELE3004', 4, 3, '2001032043', 21, 2013, NULL),
  (88682, 10062, 'ELE3004', 4, 3, '2001032043', 24, 2012, NULL),
  (88683, 10062, 'ELE3004', 4, 3, '2001032043', 37, 2011, NULL),
  (88691, 10063, 'ELE3013', 4, 3, '2001032077', 32, 2013, NULL),
  (88692, 10063, 'ELE3013', 4, 3, '2001032077', 34, 2012, NULL),
  (88693, 10063, 'ELE3013', 4, 3, '2001032077', 14, 2011, NULL),
  (88701, 10065, 'ELE4019', 4, 3, '2001032010', 25, 2013, NULL),
  (88702, 10065, 'ELE4019', 4, 3, '2001032010', 35, 2012, NULL),
  (88703, 10065, 'ELE4019', 4, 3, '2001032010', 16, 2011, NULL),
  (88711, 10066, 'ELE4025', 4, 3, '2001032044', 23, 2013, NULL),
  (88712, 10066, 'ELE4025', 4, 3, '2001032044', 20, 2012, NULL),
  (88713, 10066, 'ELE4025', 4, 3, '2001032044', 34, 2011, NULL),
  (88721, 10067, 'GEN5026', 4, 3, '2001032078', 18, 2013, NULL),
  (88722, 10067, 'GEN5026', 4, 3, '2001032078', 37, 2012, NULL),
  (88723, 10067, 'GEN5026', 4, 3, '2001032078', 15, 2011, NULL),
  (88731, 10072, 'ARE3009', 5, 3, '2001032011', 25, 2013, NULL),
  (88732, 10072, 'ARE3009', 5, 3, '2001032011', 38, 2012, NULL),
  (88733, 10072, 'ARE3009', 5, 3, '2001032011', 17, 2011, NULL),
  (88741, 10073, 'ARE3069', 5, 3, '2001032045', 30, 2013, NULL),
  (88742, 10073, 'ARE3069', 5, 3, '2001032045', 29, 2012, NULL),
  (88743, 10073, 'ARE3069', 5, 3, '2001032045', 34, 2011, NULL),
  (88751, 10074, 'ARE4014', 5, 4, '2001032079', 37, 2013, NULL),
  (88752, 10074, 'ARE4014', 5, 4, '2001032079', 35, 2012, NULL),
  (88753, 10074, 'ARE4014', 5, 4, '2001032079', 16, 2011, NULL),
  (88761, 10075, 'ARE4020', 5, 4, '2001032012', 25, 2013, NULL),
  (88762, 10075, 'ARE4020', 5, 4, '2001032012', 18, 2012, NULL),
  (88763, 10075, 'ARE4020', 5, 4, '2001032012', 18, 2011, NULL),
  (88771, 10076, 'ARE4022', 5, 3, '2001032046', 35, 2013, NULL),
  (88772, 10076, 'ARE4022', 5, 3, '2001032046', 22, 2012, NULL),
  (88773, 10076, 'ARE4022', 5, 3, '2001032046', 30, 2011, NULL),
  (88781, 10077, 'ARE4026', 5, 4, '2001032080', 34, 2013, NULL),
  (88782, 10077, 'ARE4026', 5, 4, '2001032080', 31, 2012, NULL),
  (88783, 10077, 'ARE4026', 5, 4, '2001032080', 17, 2011, NULL),
  (88791, 10078, 'ARE4030', 5, 4, '2001032013', 25, 2013, NULL),
  (88792, 10078, 'ARE4030', 5, 4, '2001032013', 28, 2012, NULL),
  (88793, 10078, 'ARE4030', 5, 4, '2001032013', 19, 2011, NULL),
  (88801, 10079, 'ARE5013', 5, 3, '2001032047', 40, 2013, NULL),
  (88802, 10079, 'ARE5013', 5, 3, '2001032047', 35, 2012, NULL),
  (88803, 10079, 'ARE5013', 5, 3, '2001032047', 34, 2011, NULL),
  (88811, 10080, 'ARE5032', 5, 4, '2001032081', 21, 2013, NULL),
  (88812, 10080, 'ARE5032', 5, 4, '2001032081', 28, 2012, NULL),
  (88813, 10080, 'ARE5032', 5, 4, '2001032081', 18, 2011, NULL),
  (88821, 10081, 'CIE2007', 5, 4, '2001032014', 25, 2013, NULL),
  (88822, 10081, 'CIE2007', 5, 4, '2001032014', 20, 2012, NULL),
  (88823, 10081, 'CIE2007', 5, 4, '2001032014', 20, 2011, NULL),
  (88831, 10082, 'CIE3070', 5, 3, '2001032048', 18, 2013, NULL),
  (88832, 10082, 'CIE3070', 5, 3, '2001032048', 35, 2012, NULL),
  (88833, 10082, 'CIE3070', 5, 3, '2001032048', 38, 2011, NULL),
  (88841, 10083, 'GEN6095', 5, 3, '2001032082', 22, 2013, NULL),
  (88842, 10083, 'GEN6095', 5, 3, '2001032082', 20, 2012, NULL),
  (88843, 10083, 'GEN6095', 5, 3, '2001032082', 19, 2011, NULL),
  (88851, 10084, 'MAT3008', 5, 3, '2001032015', 21, 2013, NULL),
  (88852, 10084, 'MAT3008', 5, 3, '2001032015', 26, 2012, NULL),
  (88853, 10084, 'MAT3008', 5, 3, '2001032015', 21, 2011, NULL),
  (88861, 10086, 'CHE1015', 6, 4, '2001032049', 29, 2013, NULL),
  (88862, 10086, 'CHE1015', 6, 4, '2001032049', 37, 2012, NULL),
  (88863, 10086, 'CHE1015', 6, 4, '2001032049', 37, 2011, NULL),
  (88871, 10087, 'CHE3006', 6, 3, '2001032083', 23, 2013, NULL),
  (88872, 10087, 'CHE3006', 6, 3, '2001032083', 37, 2012, NULL),
  (88873, 10087, 'CHE3006', 6, 3, '2001032083', 20, 2011, NULL),
  (88881, 10088, 'CHE3012', 6, 3, '2001032016', 22, 2013, NULL),
  (88882, 10088, 'CHE3012', 6, 3, '2001032016', 29, 2012, NULL),
  (88883, 10088, 'CHE3012', 6, 3, '2001032016', 22, 2011, NULL),
  (88891, 10089, 'CHE4053', 6, 4, '2001032050', 25, 2013, NULL),
  (88892, 10089, 'CHE4053', 6, 4, '2001032050', 18, 2012, NULL),
  (88893, 10089, 'CHE4053', 6, 4, '2001032050', 32, 2011, NULL),
  (88901, 10090, 'CHE4054', 6, 4, '2001032084', 40, 2013, NULL),
  (88902, 10090, 'CHE4054', 6, 4, '2001032084', 31, 2012, NULL),
  (88903, 10090, 'CHE4054', 6, 4, '2001032084', 21, 2011, NULL),
  (88911, 10091, 'CHM3066', 6, 3, '2001032017', 23, 2013, NULL),
  (88912, 10091, 'CHM3066', 6, 3, '2001032017', 34, 2012, NULL),
  (88913, 10091, 'CHM3066', 6, 3, '2001032017', 23, 2011, NULL),
  (88921, 10092, 'CHM3078', 6, 3, '2001032051', 21, 2013, NULL),
  (88922, 10092, 'CHM3078', 6, 3, '2001032051', 23, 2012, NULL),
  (88923, 10092, 'CHM3078', 6, 3, '2001032051', 32, 2011, NULL),
  (88931, 10093, 'CHM4001', 6, 3, '2001032085', 20, 2013, NULL),
  (88932, 10093, 'CHM4001', 6, 3, '2001032085', 33, 2012, NULL),
  (88933, 10093, 'CHM4001', 6, 3, '2001032085', 22, 2011, NULL),
  (88941, 10094, 'CHM4013', 6, 3, '2001032018', 24, 2013, NULL),
  (88942, 10094, 'CHM4013', 6, 3, '2001032018', 19, 2012, NULL),
  (88943, 10094, 'CHM4013', 6, 3, '2001032018', 24, 2011, NULL),
  (88951, 10096, 'CHM4083', 6, 4, '2001032052', 21, 2013, NULL),
  (88952, 10096, 'CHM4083', 6, 4, '2001032052', 37, 2012, NULL),
  (88953, 10096, 'CHM4083', 6, 4, '2001032052', 18, 2011, NULL),
  (88971, 10099, 'CME4002', 6, 4, '2001032019', 25, 2013, NULL),
  (88972, 10099, 'CME4002', 6, 4, '2001032019', 33, 2012, NULL),
  (88973, 10099, 'CME4002', 6, 4, '2001032019', 25, 2011, NULL),
  (88981, 10100, 'COE1011', 6, 3, '2001032053', 27, 2013, NULL),
  (88982, 10100, 'COE1011', 6, 3, '2001032053', 38, 2012, NULL),
  (88983, 10100, 'COE1011', 6, 3, '2001032053', 37, 2011, NULL),
  (89001, 10102, 'GEN3052', 6, 4, '2001032020', 26, 2013, NULL),
  (89002, 10102, 'GEN3052', 6, 4, '2001032020', 18, 2012, NULL),
  (89003, 10102, 'GEN3052', 6, 4, '2001032020', 26, 2011, NULL),
  (89011, 10103, 'GEN5026', 6, 3, '2001032054', 40, 2013, NULL),
  (89012, 10103, 'GEN5026', 6, 3, '2001032054', 20, 2012, NULL),
  (89013, 10103, 'GEN5026', 6, 3, '2001032054', 34, 2011, NULL),
  (89031, 10105, 'MEE4001', 6, 3, '2001032021', 27, 2013, NULL),
  (89032, 10105, 'MEE4001', 6, 3, '2001032021', 40, 2012, NULL),
  (89033, 10105, 'MEE4001', 6, 3, '2001032021', 27, 2011, NULL),
  (89041, 10108, 'BIO2022', 7, 3, '2001032055', 37, 2013, NULL),
  (89042, 10108, 'BIO2022', 7, 3, '2001032055', 28, 2012, NULL),
  (89043, 10108, 'BIO2022', 7, 3, '2001032055', 34, 2011, NULL),
  (89061, 10112, 'BTN4005', 7, 4, '2001032022', 28, 2013, NULL),
  (89062, 10112, 'BTN4005', 7, 4, '2001032022', 37, 2012, NULL),
  (89063, 10112, 'BTN4005', 7, 4, '2001032022', 28, 2011, NULL),
  (89071, 10113, 'BTN4009', 7, 4, '2001032056', 18, 2013, NULL),
  (89072, 10113, 'BTN4009', 7, 4, '2001032056', 18, 2012, NULL),
  (89073, 10113, 'BTN4009', 7, 4, '2001032056', 30, 2011, NULL),
  (89091, 10115, 'BTN4012', 7, 4, '2001032023', 29, 2013, NULL),
  (89092, 10115, 'BTN4012', 7, 4, '2001032023', 30, 2012, NULL),
  (89093, 10115, 'BTN4012', 7, 4, '2001032023', 29, 2011, NULL),
  (89101, 10117, 'COE1011', 7, 3, '2001032057', 40, 2013, NULL),
  (89102, 10117, 'COE1011', 7, 3, '2001032057', 29, 2012, NULL),
  (89103, 10117, 'COE1011', 7, 3, '2001032057', 34, 2011, NULL),
  (89121, 10119, 'DBC3018', 7, 3, '2001032024', 30, 2013, NULL),
  (89122, 10119, 'DBC3018', 7, 3, '2001032024', 38, 2012, NULL),
  (89123, 10119, 'DBC3018', 7, 3, '2001032024', 30, 2011, NULL),
  (89131, 10120, 'GEN5026', 7, 3, '2001032058', 22, 2013, NULL),
  (89132, 10120, 'GEN5026', 7, 3, '2001032058', 21, 2012, NULL),
  (89133, 10120, 'GEN5026', 7, 3, '2001032058', 38, 2011, NULL),
  (89151, 10124, 'GEN6095', 8, 3, '2001032025', 29, 2013, NULL),
  (89152, 10124, 'GEN6095', 8, 3, '2001032025', 30, 2012, NULL),
  (89153, 10124, 'GEN6095', 8, 3, '2001032025', 31, 2011, NULL),
  (89161, 10125, 'ICH4022', 8, 3, '2001032059', 37, 2013, NULL),
  (89162, 10125, 'ICH4022', 8, 3, '2001032059', 35, 2012, NULL),
  (89163, 10125, 'ICH4022', 8, 3, '2001032059', 37, 2011, NULL),
  (89181, 10131, 'ONE4004', 8, 4, '2001032026', 32, 2013, NULL),
  (89182, 10131, 'ONE4004', 8, 4, '2001032026', 34, 2012, NULL),
  (89183, 10131, 'ONE4004', 8, 4, '2001032026', 32, 2011, NULL),
  (89191, 10132, 'ONE4005', 8, 4, '2001032060', 27, 2013, NULL),
  (89192, 10132, 'ONE4005', 8, 4, '2001032060', 38, 2012, NULL),
  (89193, 10132, 'ONE4005', 8, 4, '2001032060', 32, 2011, NULL),
  (89211, 10135, 'ONE4011', 8, 4, '2001032027', 33, 2013, NULL),
  (89212, 10135, 'ONE4011', 8, 4, '2001032027', 25, 2012, NULL),
  (89213, 10135, 'ONE4011', 8, 4, '2001032027', 33, 2011, NULL),
  (89221, 10140, 'TXE4065', 8, 4, '2001032061', 37, 2013, NULL),
  (89222, 10140, 'TXE4065', 8, 4, '2001032061', 33, 2012, NULL),
  (89223, 10140, 'TXE4065', 8, 4, '2001032061', 32, 2011, NULL),
  (89241, 10142, 'CHM4013', 9, 3, '2001032028', 34, 2013, NULL),
  (89242, 10142, 'CHM4013', 9, 3, '2001032028', 18, 2012, NULL),
  (89243, 10142, 'CHM4013', 9, 3, '2001032028', 34, 2011, NULL),
  (89251, 10144, 'EGY3001', 9, 3, '2001032062', 39, 2013, NULL),
  (89252, 10144, 'EGY3001', 9, 3, '2001032062', 21, 2012, NULL),
  (89253, 10144, 'EGY3001', 9, 3, '2001032062', 18, 2011, NULL),
  (89271, 10147, 'EGY4013', 9, 4, '2001032029', 35, 2013, NULL),
  (89272, 10147, 'EGY4013', 9, 4, '2001032029', 29, 2012, NULL),
  (89273, 10147, 'EGY4013', 9, 4, '2001032029', 35, 2011, NULL),
  (89281, 10148, 'EGY4016', 9, 4, '2001032063', 36, 2013, NULL),
  (89282, 10148, 'EGY4016', 9, 4, '2001032063', 26, 2012, NULL),
  (89283, 10148, 'EGY4016', 9, 4, '2001032063', 37, 2011, NULL),
  (89301, 10150, 'EGY4019', 9, 4, '2001032030', 36, 2013, NULL),
  (89302, 10150, 'EGY4019', 9, 4, '2001032030', 36, 2012, NULL),
  (89303, 10150, 'EGY4019', 9, 4, '2001032030', 36, 2011, NULL),
  (89311, 10151, 'GEN5026', 9, 3, '2001032064', 37, 2013, NULL),
  (89312, 10151, 'GEN5026', 9, 3, '2001032064', 29, 2012, NULL),
  (89313, 10151, 'GEN5026', 9, 3, '2001032064', 34, 2011, NULL);
/*!40000 ALTER TABLE `lecture` ENABLE KEYS */;


-- Dumping structure for table dbapp.lecture_time
DROP TABLE IF EXISTS `lecture_time`;
CREATE TABLE IF NOT EXISTS `lecture_time` (
  `lectureId` int(11) NOT NULL,
  `period` int(11) NOT NULL,
  `startTime` datetime DEFAULT NULL,
  `endTime` datetime DEFAULT NULL,
  KEY `FK_lecture_time_lecture` (`lectureId`),
  CONSTRAINT `FK_lecture_time_lecture` FOREIGN KEY (`lectureId`) REFERENCES `lecture` (`lectureId`)
) ENGINE=InnoDB DEFAULT CHARSET=utf8;

-- Dumping data for table dbapp.lecture_time: ~161 rows (approximately)
/*!40000 ALTER TABLE `lecture_time` DISABLE KEYS */;
INSERT INTO `lecture_time` (`lectureId`, `period`, `startTime`, `endTime`) VALUES
  (8831, 1, '1900-01-02 05:30:00', '1900-01-02 07:00:00'),
  (8834, 1, '1900-01-02 00:00:00', '1900-01-02 02:00:00'),
  (8837, 1, '1900-01-03 05:30:00', '1900-01-03 07:00:00'),
  (8840, 1, '1900-01-04 05:30:00', '1900-01-04 07:00:00'),
  (8843, 1, '1900-01-02 06:30:00', '1900-01-02 08:00:00'),
  (8846, 1, '1900-01-03 08:30:00', '1900-01-03 09:30:00'),
  (8849, 1, '1900-01-04 06:00:00', '1900-01-04 07:30:00'),
  (8852, 1, '1900-01-02 05:00:00', '1900-01-02 06:30:00'),
  (8855, 1, '1900-01-01 04:30:00', '1900-01-01 06:00:00'),
  (8858, 1, '1900-01-02 06:30:00', '1900-01-02 08:00:00'),
  (8861, 1, '1900-01-02 00:00:00', '1900-01-02 01:30:00'),
  (8864, 1, '1900-01-06 07:00:00', '1900-01-06 09:00:00'),
  (8867, 1, '1900-01-02 05:30:00', '1900-01-02 07:00:00'),
  (8870, 1, '1900-01-02 01:30:00', '1900-01-02 03:00:00'),
  (8873, 1, '1900-01-02 07:00:00', '1900-01-02 08:30:00'),
  (8876, 1, '1900-01-02 04:00:00', '1900-01-02 06:00:00'),
  (8879, 1, '1900-01-01 04:00:00', '1900-01-01 05:30:00'),
  (8882, 1, '1900-01-04 00:00:00', '1900-01-04 02:00:00'),
  (8885, 1, '1900-01-02 00:00:00', '1900-01-02 01:30:00'),
  (8888, 1, '1900-01-01 07:00:00', '1900-01-01 08:30:00'),
  (8891, 1, '1900-01-02 07:00:00', '1900-01-02 11:00:00'),
  (8894, 1, '1900-01-02 01:30:00', '1900-01-02 03:00:00'),
  (8897, 1, '1900-01-02 04:00:00', '1900-01-02 06:00:00'),
  (8900, 1, '1900-01-02 06:00:00', '1900-01-02 07:30:00'),
  (8903, 1, '1900-01-01 06:00:00', '1900-01-01 07:00:00'),
  (8906, 1, '1900-01-01 00:00:00', '1900-01-01 01:30:00'),
  (8909, 1, '1900-01-06 03:00:00', '1900-01-06 05:00:00'),
  (8912, 1, '1900-01-02 04:00:00', '1900-01-02 05:30:00'),
  (8915, 1, NULL, NULL),
  (8918, 1, '1900-01-06 03:00:00', '1900-01-06 05:00:00'),
  (8921, 1, '1900-01-02 04:00:00', '1900-01-02 05:30:00'),
  (8924, 1, '1900-01-01 04:00:00', '1900-01-01 05:30:00'),
  (8927, 1, '1900-01-05 23:00:00', '1900-01-06 01:00:00'),
  (8930, 1, '1900-01-01 01:30:00', '1900-01-01 03:00:00'),
  (8832, 1, '1900-01-01 01:00:00', '1900-01-01 02:00:00'),
  (8835, 1, '1900-01-01 00:00:00', '1900-01-01 01:30:00'),
  (8838, 1, '1900-01-06 00:00:00', '1900-01-06 02:00:00'),
  (8841, 1, NULL, NULL),
  (8844, 1, NULL, NULL),
  (8847, 1, '1900-01-02 05:00:00', '1900-01-02 06:30:00'),
  (8850, 1, '1900-01-01 01:30:00', '1900-01-01 03:00:00'),
  (8853, 1, '1900-01-02 01:00:00', '1900-01-02 03:00:00'),
  (8856, 1, '1900-01-01 06:00:00', '1900-01-01 07:30:00'),
  (8859, 1, '1900-01-04 07:00:00', '1900-01-04 08:30:00'),
  (8862, 1, '1900-01-04 08:30:00', '1900-01-04 10:00:00'),
  (8865, 1, '1900-01-05 05:30:00', '1900-01-05 07:00:00'),
  (8868, 1, '1900-01-01 05:30:00', '1900-01-01 07:00:00'),
  (8871, 1, '1900-01-02 07:00:00', '1900-01-02 08:30:00'),
  (8874, 1, '1900-01-02 04:00:00', '1900-01-02 05:30:00'),
  (8877, 1, '1900-01-03 07:00:00', '1900-01-03 08:30:00'),
  (8880, 1, '1900-01-01 04:00:00', '1900-01-01 05:00:00'),
  (8883, 1, '1900-01-02 05:30:00', '1900-01-02 07:00:00'),
  (8886, 1, '1900-01-02 01:30:00', '1900-01-02 03:00:00'),
  (8889, 1, '1900-01-01 04:00:00', '1900-01-01 05:30:00'),
  (8892, 1, '1900-01-02 05:30:00', '1900-01-02 07:00:00'),
  (8895, 1, '1900-01-01 00:00:00', '1900-01-01 01:30:00'),
  (8898, 1, '1900-01-05 23:00:00', '1900-01-06 01:00:00'),
  (8901, 1, '1900-01-04 09:00:00', '1900-01-04 11:00:00'),
  (8904, 1, '1900-01-02 01:30:00', '1900-01-02 03:00:00'),
  (8907, 1, '1900-01-01 01:30:00', '1900-01-01 03:00:00'),
  (8910, 1, '1900-01-05 23:00:00', '1900-01-06 01:00:00'),
  (8913, 1, '1900-01-02 07:00:00', '1900-01-02 09:00:00'),
  (8916, 1, '1900-01-01 05:30:00', '1900-01-01 07:00:00'),
  (8919, 1, '1900-01-03 05:30:00', '1900-01-03 07:00:00'),
  (8922, 1, '1900-01-01 00:00:00', '1900-01-01 01:30:00'),
  (8925, 1, '1900-01-01 01:30:00', '1900-01-01 03:00:00'),
  (8928, 1, '1900-01-03 05:30:00', '1900-01-03 07:00:00'),
  (8931, 1, '1900-01-01 07:00:00', '1900-01-01 09:00:00'),
  (8833, 1, '1900-01-04 02:00:00', '1900-01-04 03:30:00'),
  (8836, 1, '1900-01-01 02:00:00', '1900-01-01 03:30:00'),
  (8839, 1, '1900-01-01 04:00:00', '1900-01-01 05:30:00'),
  (8842, 1, '1900-01-02 04:00:00', '1900-01-02 05:30:00'),
  (8845, 1, '1900-01-01 04:00:00', '1900-01-01 05:00:00'),
  (8848, 1, '1900-01-03 04:30:00', '1900-01-03 06:00:00'),
  (8851, 1, '1900-01-03 06:00:00', '1900-01-03 07:30:00'),
  (8854, 1, '1900-01-02 01:00:00', '1900-01-02 03:00:00'),
  (8857, 1, '1900-01-01 07:30:00', '1900-01-01 09:30:00'),
  (8860, 1, '1900-01-03 04:00:00', '1900-01-03 05:30:00'),
  (8863, 1, '1900-01-02 01:30:00', '1900-01-02 03:00:00'),
  (8866, 1, '1900-01-03 04:00:00', '1900-01-03 05:30:00'),
  (8869, 1, '1900-01-01 07:00:00', '1900-01-01 08:30:00'),
  (8872, 1, '1900-01-01 04:00:00', '1900-01-01 06:00:00'),
  (8875, 1, '1900-01-05 04:00:00', '1900-01-05 05:30:00'),
  (8878, 1, '1900-01-01 05:30:00', '1900-01-01 07:00:00'),
  (8881, 1, '1900-01-06 00:00:00', '1900-01-06 02:00:00'),
  (8884, 1, NULL, NULL),
  (8887, 1, '1900-01-01 00:00:00', '1900-01-01 01:30:00'),
  (8890, 1, '1900-01-06 03:00:00', '1900-01-06 05:00:00'),
  (8893, 1, '1900-01-01 04:00:00', '1900-01-01 05:30:00'),
  (8831, 2, '1900-01-05 04:00:00', '1900-01-05 05:30:00'),
  (8834, 2, '1900-01-04 00:00:00', '1900-01-04 02:00:00'),
  (8837, 2, '1900-01-05 05:30:00', '1900-01-05 07:00:00'),
  (8840, 2, '1900-01-05 05:30:00', '1900-01-05 07:00:00'),
  (8843, 2, '1900-01-03 07:00:00', '1900-01-03 08:30:00'),
  (8849, 2, '1900-01-05 06:00:00', '1900-01-05 07:30:00'),
  (8852, 2, '1900-01-05 04:30:00', '1900-01-05 06:00:00'),
  (8855, 2, '1900-01-03 04:30:00', '1900-01-03 06:00:00'),
  (8858, 2, '1900-01-05 01:30:00', '1900-01-05 03:00:00'),
  (8861, 2, '1900-01-04 04:00:00', '1900-01-04 05:30:00'),
  (8867, 2, '1900-01-02 07:00:00', '1900-01-02 08:30:00'),
  (8870, 2, '1900-01-04 04:00:00', '1900-01-04 05:30:00'),
  (8873, 2, '1900-01-04 01:30:00', '1900-01-04 03:00:00'),
  (8876, 2, '1900-01-02 06:00:00', '1900-01-02 08:00:00'),
  (8879, 2, '1900-01-04 07:00:00', '1900-01-04 08:30:00'),
  (8882, 2, '1900-01-04 02:00:00', '1900-01-04 04:00:00'),
  (8885, 2, '1900-01-05 04:00:00', '1900-01-05 05:30:00'),
  (8888, 2, '1900-01-03 04:00:00', '1900-01-03 05:30:00'),
  (8894, 2, '1900-01-04 01:30:00', '1900-01-04 03:00:00'),
  (8897, 2, '1900-01-04 04:00:00', '1900-01-04 06:00:00'),
  (8900, 2, '1900-01-04 07:00:00', '1900-01-04 08:30:00'),
  (8903, 2, '1900-01-03 05:30:00', '1900-01-03 07:00:00'),
  (8906, 2, '1900-01-03 00:00:00', '1900-01-03 01:30:00'),
  (8912, 2, '1900-01-03 05:30:00', '1900-01-03 07:00:00'),
  (8921, 2, '1900-01-04 07:30:00', '1900-01-04 09:00:00'),
  (8924, 2, '1900-01-03 00:00:00', '1900-01-03 01:30:00'),
  (8930, 2, '1900-01-03 01:30:00', '1900-01-03 03:00:00'),
  (8832, 2, '1900-01-03 01:00:00', '1900-01-03 02:00:00'),
  (8835, 2, '1900-01-03 00:00:00', '1900-01-03 01:30:00'),
  (8847, 2, '1900-01-04 01:30:00', '1900-01-04 03:00:00'),
  (8850, 2, '1900-01-03 01:30:00', '1900-01-03 03:00:00'),
  (8856, 2, '1900-01-03 06:00:00', '1900-01-03 07:30:00'),
  (8859, 2, '1900-01-05 07:00:00', '1900-01-05 08:30:00'),
  (8862, 2, '1900-01-05 08:30:00', '1900-01-05 10:00:00'),
  (8865, 2, '1900-01-05 07:00:00', '1900-01-05 08:30:00'),
  (8868, 2, '1900-01-03 05:30:00', '1900-01-03 07:00:00'),
  (8871, 2, '1900-01-04 01:30:00', '1900-01-04 03:00:00'),
  (8874, 2, '1900-01-04 00:00:00', '1900-01-04 01:30:00'),
  (8877, 2, '1900-01-05 01:30:00', '1900-01-05 03:00:00'),
  (8880, 2, '1900-01-01 05:00:00', '1900-01-01 09:00:00'),
  (8883, 2, '1900-01-04 05:30:00', '1900-01-04 07:00:00'),
  (8886, 2, '1900-01-04 01:30:00', '1900-01-04 03:00:00'),
  (8889, 2, '1900-01-03 04:00:00', '1900-01-03 05:30:00'),
  (8892, 2, '1900-01-04 04:00:00', '1900-01-04 05:30:00'),
  (8895, 2, '1900-01-03 05:30:00', '1900-01-03 07:00:00'),
  (8901, 2, '1900-01-05 04:00:00', '1900-01-05 06:00:00'),
  (8904, 2, '1900-01-04 01:30:00', '1900-01-04 03:00:00'),
  (8907, 2, '1900-01-03 01:30:00', '1900-01-03 03:00:00'),
  (8913, 2, '1900-01-02 09:00:00', '1900-01-02 11:00:00'),
  (8916, 2, '1900-01-03 00:00:00', '1900-01-03 01:30:00'),
  (8919, 2, '1900-01-05 05:30:00', '1900-01-05 07:00:00'),
  (8922, 2, '1900-01-02 01:30:00', '1900-01-02 03:00:00'),
  (8925, 2, '1900-01-03 01:30:00', '1900-01-03 03:00:00'),
  (8928, 2, '1900-01-05 01:30:00', '1900-01-05 03:00:00'),
  (8833, 2, '1900-01-05 01:30:00', '1900-01-05 03:00:00'),
  (8836, 2, '1900-01-03 04:00:00', '1900-01-03 05:30:00'),
  (8839, 2, '1900-01-04 07:00:00', '1900-01-04 08:30:00'),
  (8842, 2, '1900-01-04 04:00:00', '1900-01-04 05:30:00'),
  (8845, 2, '1900-01-01 05:00:00', '1900-01-01 07:00:00'),
  (8848, 2, '1900-01-04 01:30:00', '1900-01-04 03:00:00'),
  (8851, 2, '1900-01-05 04:30:00', '1900-01-05 06:00:00'),
  (8857, 2, '1900-01-04 04:00:00', '1900-01-04 06:00:00'),
  (8860, 2, '1900-01-05 04:00:00', '1900-01-05 05:30:00'),
  (8863, 2, '1900-01-05 01:30:00', '1900-01-05 03:00:00'),
  (8866, 2, '1900-01-05 04:00:00', '1900-01-05 05:30:00'),
  (8869, 2, '1900-01-02 04:00:00', '1900-01-02 05:30:00'),
  (8872, 2, '1900-01-04 09:00:00', '1900-01-04 11:00:00'),
  (8875, 2, '1900-01-05 05:30:00', '1900-01-05 07:00:00'),
  (8878, 2, '1900-01-03 01:30:00', '1900-01-03 03:00:00'),
  (8881, 2, '1900-01-06 02:00:00', '1900-01-06 04:00:00'),
  (8887, 2, '1900-01-03 00:00:00', '1900-01-03 01:30:00'),
  (8893, 2, '1900-01-02 04:00:00', '1900-01-02 05:30:00');
/*!40000 ALTER TABLE `lecture_time` ENABLE KEYS */;


-- Dumping structure for table dbapp.major
DROP TABLE IF EXISTS `major`;
CREATE TABLE IF NOT EXISTS `major` (
  `majorId` int(11) NOT NULL,
  `name` varchar(255) NOT NULL,
  PRIMARY KEY (`majorId`)
) ENGINE=InnoDB DEFAULT CHARSET=utf8;

-- Dumping data for table dbapp.major: ~89 rows (approximately)
/*!40000 ALTER TABLE `major` DISABLE KEYS */;
INSERT INTO `major` (`majorId`, `name`) VALUES
  (1, '건설환경공학과'),
  (2, '소프트웨어전공'),
  (3, '컴퓨터전공'),
  (4, '전기공학전공'),
  (5, '건축공학부'),
  (6, '화학공학전공'),
  (7, '생명공학전공'),
  (8, '유기나노공학과'),
  (9, '에너지공학과'),
  (10, '기계공학부'),
  (11, '미래자동차공학과'),
  (12, '원자력공학과'),
  (13, '자원환경공학과'),
  (14, '산업공학과'),
  (15, '생체공학전공'),
  (16, '도시공학과'),
  (17, '융합전자공학부'),
  (18, '신소재공학부'),
  (19, '교육학과'),
  (20, '국어교육과'),
  (21, '영어교육과'),
  (22, '응용미술교육과'),
  (23, '교육공학과'),
  (24, '수학교육과'),
  (25, '성악과'),
  (26, '작곡과'),
  (27, '피아노과'),
  (28, '관현악과'),
  (29, '국악과'),
  (30, '국어국문학과'),
  (31, '영어영문학과'),
  (32, '독어독문학과'),
  (33, '중어중문학과'),
  (34, '사학과'),
  (35, '철학과'),
  (36, '관광학부'),
  (37, '수학전공'),
  (38, '물리학전공'),
  (39, '화학전공'),
  (40, '생명과학전공'),
  (41, '컴퓨터공학부'),
  (42, '정보시스템학과'),
  (43, '건축학부'),
  (44, '경영학부'),
  (45, '파이낸스경영학과'),
  (46, '국제학부'),
  (47, '경제금융학부'),
  (48, 'STS(과학기술학)전공'),
  (49, '공공수행인문학전공'),
  (50, '미디어문화전공'),
  (51, '영어커뮤니케이션전공'),
  (52, '통상한국어커뮤니케이션전공'),
  (53, '글로벌비즈니스문화전공(영어전용)'),
  (54, '중국경제통상전공'),
  (55, '정책학과'),
  (56, '법학과'),
  (57, '의류학과'),
  (58, '식품영양학과'),
  (59, '실내건축디자인학과'),
  (60, '체육학과'),
  (61, '스포츠산업학과'),
  (62, '연극영화학과'),
  (63, '무용학과'),
  (64, '간호학전공'),
  (65, '간호전공'),
  (66, '정치외교학과'),
  (67, '사회학과'),
  (68, '미디어커뮤니케이션학과'),
  (69, '행정학과'),
  (70, '한중통번역전공'),
  (71, '화공생명공학부'),
  (72, '전기·생체공학부'),
  (73, '의예과'),
  (74, '수학과'),
  (75, '물리학과'),
  (76, '화학과'),
  (77, '생명과학과'),
  (78, '응용시스템학과'),
  (79, '교양인영역'),
  (80, '인문과예술영역'),
  (81, '언어와표현영역'),
  (82, '세계인영역'),
  (83, '사회와세계영역'),
  (84, '실용인영역'),
  (85, '비지니스와리더쉽영역'),
  (86, '과학과기술영역'),
  (87, '서울 대학'),
  (88, '봉사인영역'),
  (89, '가상대학영역');
/*!40000 ALTER TABLE `major` ENABLE KEYS */;


-- Dumping structure for table dbapp.registration
DROP TABLE IF EXISTS `registration`;
CREATE TABLE IF NOT EXISTS `registration` (
  `studentId` varchar(255) NOT NULL,
  `lectureId` int(11) NOT NULL,
  `grade` varchar(255) DEFAULT NULL,
  PRIMARY KEY (`studentId`,`lectureId`),
  KEY `FK_registration_lecture` (`lectureId`),
  CONSTRAINT `FK_registration_lecture` FOREIGN KEY (`lectureId`) REFERENCES `lecture` (`lectureId`),
  CONSTRAINT `FK_registration_student` FOREIGN KEY (`studentId`) REFERENCES `student` (`studentId`)
) ENGINE=InnoDB DEFAULT CHARSET=utf8;

-- Dumping data for table dbapp.registration: ~297 rows (approximately)
/*!40000 ALTER TABLE `registration` DISABLE KEYS */;
INSERT INTO `registration` (`studentId`, `lectureId`, `grade`) VALUES
  ('2009003125', 8872, 'B0'),
  ('2009003125', 8875, 'C+'),
  ('2009003125', 8878, 'C0'),
  ('2009003125', 8881, 'A0'),
  ('2009003125', 8884, 'A0'),
  ('2009003125', 8903, 'D0'),
  ('2009003125', 88603, 'C0'),
  ('2009003125', 88743, 'C0'),
  ('2009003125', 88871, 'F'),
  ('2009003125', 89191, 'B0'),
  ('2009003125', 89242, 'B0'),
  ('2010004052', 8871, 'D0'),
  ('2010004052', 8872, 'F'),
  ('2010004052', 8875, 'A+'),
  ('2010004052', 8878, 'B+'),
  ('2010004052', 8881, 'B0'),
  ('2010004052', 8884, 'C+'),
  ('2010004052', 8918, 'C0'),
  ('2010004052', 88341, 'C0'),
  ('2010004052', 88373, 'F'),
  ('2010004052', 88401, 'F'),
  ('2010004052', 88472, 'F'),
  ('2010004052', 88511, 'D0'),
  ('2010004052', 89183, 'D0'),
  ('2010499349', 8845, 'C+'),
  ('2010499349', 8848, 'C0'),
  ('2010499349', 8851, 'A0'),
  ('2010499349', 8854, 'A0'),
  ('2010499349', 8857, 'F'),
  ('2010499349', 8860, 'A+'),
  ('2010499349', 8916, 'B0'),
  ('2010499349', 88362, 'D0'),
  ('2010499349', 88423, 'B0'),
  ('2010499349', 89253, 'C0'),
  ('2011004533', 8872, 'C0'),
  ('2011004533', 8875, 'A0'),
  ('2011004533', 8878, 'A0'),
  ('2011004533', 8881, 'F'),
  ('2011004533', 8883, 'D0'),
  ('2011004533', 8884, 'A+'),
  ('2011004533', 8893, 'F'),
  ('2011004533', 88323, 'F'),
  ('2011004533', 88393, 'A0'),
  ('2011004533', 88471, 'A0'),
  ('2011004533', 88483, 'D0'),
  ('2011004533', 88561, 'D0'),
  ('2011004533', 88591, 'B0'),
  ('2011004533', 88783, 'B0'),
  ('2011004533', 89303, 'A0'),
  ('2011004533', 89312, 'D0'),
  ('2011040404', 8836, 'A0'),
  ('2011040404', 8845, 'F'),
  ('2011040404', 8846, 'A0'),
  ('2011040404', 8848, 'A+'),
  ('2011040404', 8851, 'B+'),
  ('2011040404', 8854, 'B0'),
  ('2011040404', 8857, 'C+'),
  ('2011040404', 8860, 'C0'),
  ('2011040404', 8862, 'B0'),
  ('2011040404', 8879, 'C0'),
  ('2011040404', 88341, 'D0'),
  ('2011040404', 88343, 'A0'),
  ('2011040404', 88393, 'C0'),
  ('2011040404', 88401, 'F'),
  ('2011040404', 88831, 'A0'),
  ('2011040404', 89122, 'F'),
  ('2011040404', 89252, 'C0'),
  ('2011040404', 89253, 'A0'),
  ('2012004003', 8832, 'A+'),
  ('2012004003', 8835, 'B+'),
  ('2012004003', 8838, 'B0'),
  ('2012004003', 8877, 'F'),
  ('2012004003', 8924, 'A0'),
  ('2012004003', 8927, 'A0'),
  ('2012004003', 8930, 'F'),
  ('2012004003', 88322, 'F'),
  ('2012004003', 88372, 'A0'),
  ('2012004003', 88392, 'C0'),
  ('2012004003', 88532, 'B0'),
  ('2012004003', 88592, 'A0'),
  ('2012004003', 88751, 'C0'),
  ('2012004003', 88821, 'A0'),
  ('2012004003', 88923, 'C0'),
  ('2012004003', 89282, 'A0'),
  ('2012004203', 8843, 'A+'),
  ('2012004203', 8846, 'A0'),
  ('2012004203', 8849, 'B+'),
  ('2012004203', 8852, 'B0'),
  ('2012004203', 8855, 'C+'),
  ('2012004203', 8858, 'C0'),
  ('2012030303', 8847, 'C+'),
  ('2012030303', 8850, 'C0'),
  ('2012030303', 8853, 'A0'),
  ('2012030303', 8856, 'A0'),
  ('2012030303', 8859, 'F'),
  ('2012030303', 8862, 'A+'),
  ('2012030303', 8871, 'C0'),
  ('2012030303', 8875, 'F'),
  ('2012030303', 88403, 'B0'),
  ('2012030303', 88443, 'D0'),
  ('2012030303', 88503, 'D0'),
  ('2012030303', 88522, 'F'),
  ('2012030303', 88672, 'C0'),
  ('2012030303', 88772, 'F'),
  ('2012030303', 88981, 'F'),
  ('2012030303', 88983, 'F'),
  ('2012394929', 8834, 'F'),
  ('2012394929', 8845, 'B+'),
  ('2012394929', 8848, 'B0'),
  ('2012394929', 8851, 'C+'),
  ('2012394929', 8854, 'C0'),
  ('2012394929', 8857, 'A0'),
  ('2012394929', 8860, 'A0'),
  ('2012394929', 8865, 'F'),
  ('2012394929', 88472, 'A0'),
  ('2012394929', 88493, 'D0'),
  ('2012394929', 88541, 'F'),
  ('2012394929', 88653, 'F'),
  ('2012394929', 88782, 'B0'),
  ('2012394929', 88792, 'F'),
  ('2012394929', 88823, 'B0'),
  ('2012394929', 88931, 'C0'),
  ('2012394929', 89183, 'A0'),
  ('2013001445', 8872, 'A0'),
  ('2013001445', 8875, 'A0'),
  ('2013001445', 8878, 'F'),
  ('2013001445', 8881, 'A+'),
  ('2013001445', 8884, 'B+'),
  ('2013001445', 8918, 'B0'),
  ('2013001445', 88562, 'C0'),
  ('2013001445', 88571, 'D0'),
  ('2013001445', 88713, 'D0'),
  ('2013001445', 88782, 'C0'),
  ('2013001445', 88803, 'D0'),
  ('2013001445', 89302, 'A0'),
  ('2013004004', 8847, 'A0'),
  ('2013004004', 8850, 'A0'),
  ('2013004004', 8853, 'F'),
  ('2013004004', 8856, 'A+'),
  ('2013004004', 8859, 'B+'),
  ('2013004004', 8862, 'B0'),
  ('2013004004', 8910, 'A0'),
  ('2013004004', 8921, 'F'),
  ('2013004004', 88811, 'B0'),
  ('2013004004', 89011, 'F'),
  ('2013004004', 89042, 'A0'),
  ('2013004004', 89243, 'B0'),
  ('2013004004', 89272, 'A0'),
  ('2013004004', 89283, 'A0'),
  ('2013004394', 8832, 'C0'),
  ('2013004394', 8835, 'A0'),
  ('2013004394', 8838, 'A0'),
  ('2013004394', 8852, 'F'),
  ('2013004394', 8880, 'D0'),
  ('2013004394', 8895, 'A0'),
  ('2013004394', 8901, 'C0'),
  ('2013004394', 8924, 'B+'),
  ('2013004394', 8927, 'B0'),
  ('2013004394', 8930, 'C+'),
  ('2013004394', 88431, 'D0'),
  ('2013004394', 88442, 'D0'),
  ('2013004394', 88641, 'D0'),
  ('2013004394', 88722, 'F'),
  ('2013004394', 88781, 'B0'),
  ('2013004394', 88833, 'F'),
  ('2013004394', 88951, 'B0'),
  ('2013004394', 89002, 'A0'),
  ('2013030128', 8832, 'B0'),
  ('2013030128', 8835, 'C+'),
  ('2013030128', 8837, 'A0'),
  ('2013030128', 8838, 'C0'),
  ('2013030128', 8863, 'C0'),
  ('2013030128', 8906, 'B0'),
  ('2013030128', 8924, 'F'),
  ('2013030128', 8927, 'A+'),
  ('2013030128', 8930, 'B+'),
  ('2013030128', 88362, 'B0'),
  ('2013030128', 88582, 'B0'),
  ('2013030128', 88662, 'C0'),
  ('2013030128', 88672, 'C0'),
  ('2013030128', 88732, 'B0'),
  ('2013030128', 88882, 'D0'),
  ('2013030128', 89252, 'D0'),
  ('2013040051', 8847, 'A0'),
  ('2013040051', 8882, 'B0'),
  ('2013040051', 8885, 'F'),
  ('2013040051', 8888, 'A+'),
  ('2013040051', 8891, 'B+'),
  ('2013040051', 8894, 'B0'),
  ('2013040051', 8897, 'C+'),
  ('2013040051', 8900, 'C0'),
  ('2013040051', 8903, 'A0'),
  ('2013040051', 88331, 'B0'),
  ('2013040051', 88431, 'D0'),
  ('2013040051', 89001, 'C0'),
  ('2013040051', 89182, 'F'),
  ('2013040051', 89273, 'F'),
  ('2014001303', 8844, 'A0'),
  ('2014001303', 8909, 'B0'),
  ('2014001303', 8912, 'B+'),
  ('2014001303', 8915, 'C+'),
  ('2014001303', 8918, 'F'),
  ('2014001303', 8921, 'C0'),
  ('2014001303', 88313, 'A0'),
  ('2014001303', 88423, 'C0'),
  ('2014001303', 88451, 'A0'),
  ('2014001303', 88461, 'D0'),
  ('2014001303', 88483, 'D0'),
  ('2014001303', 88501, 'D0'),
  ('2014001303', 88621, 'F'),
  ('2014001303', 88672, 'C0'),
  ('2014001303', 88681, 'A0'),
  ('2014001303', 88733, 'A0'),
  ('2014001303', 88901, 'F'),
  ('2014002331', 8866, 'D0'),
  ('2014002331', 8888, 'A0'),
  ('2014002331', 8891, 'B0'),
  ('2014002331', 8894, 'A0'),
  ('2014002331', 8897, 'A+'),
  ('2014002331', 8900, 'A+'),
  ('2014002331', 8903, 'A+'),
  ('2014002331', 88352, 'C0'),
  ('2014002331', 88471, 'B0'),
  ('2014002331', 88662, 'D0'),
  ('2014002331', 88682, 'F'),
  ('2014002331', 88762, 'A0'),
  ('2014002331', 88893, 'D0'),
  ('2014005004', 8832, 'A0'),
  ('2014005004', 8835, 'F'),
  ('2014005004', 8838, 'A+'),
  ('2014005004', 8861, 'C0'),
  ('2014005004', 8874, 'F'),
  ('2014005004', 8881, 'B0'),
  ('2014005004', 8889, 'C0'),
  ('2014005004', 8924, 'C+'),
  ('2014005004', 8927, 'C0'),
  ('2014005004', 8928, 'B0'),
  ('2014005004', 8930, 'A0'),
  ('2014005004', 88423, 'D0'),
  ('2014005004', 88431, 'A0'),
  ('2014005004', 88533, 'C0'),
  ('2014005004', 88642, 'F'),
  ('2014005004', 88783, 'C0'),
  ('2014005004', 88892, 'D0'),
  ('2014005004', 89071, 'F'),
  ('2014005004', 89072, 'A0'),
  ('2014005004', 89181, 'C+'),
  ('2014005004', 89281, 'B0'),
  ('2014019493', 8880, 'B+'),
  ('2014019493', 8909, 'A0'),
  ('2014019493', 8912, 'F'),
  ('2014019493', 8915, 'A+'),
  ('2014019493', 8918, 'B+'),
  ('2014019493', 8921, 'B0'),
  ('2014019493', 88333, 'F'),
  ('2014019493', 88382, 'F'),
  ('2014019493', 88383, 'C0'),
  ('2014019493', 88483, 'A0'),
  ('2014019493', 88762, 'C0'),
  ('2014019493', 89163, 'C0'),
  ('2014019493', 89182, 'B0'),
  ('2014040404', 8847, 'B+'),
  ('2014040404', 8850, 'B0'),
  ('2014040404', 8853, 'C+'),
  ('2014040404', 8856, 'C+'),
  ('2014040404', 8859, 'A0'),
  ('2014040404', 8862, 'A0'),
  ('2014040404', 8875, 'C0'),
  ('2014040404', 8892, 'D+'),
  ('2014040404', 88351, 'C0'),
  ('2014040404', 88852, 'F'),
  ('2014040404', 88903, 'D0'),
  ('2014040404', 89122, 'C0'),
  ('2014040404', 89242, 'B0'),
  ('2014040404', 89243, 'B0'),
  ('2014505050', 8847, 'F'),
  ('2014505050', 8850, 'A+'),
  ('2014505050', 8853, 'B+'),
  ('2014505050', 8856, 'B0'),
  ('2014505050', 8859, 'C+'),
  ('2014505050', 8862, 'C0'),
  ('2014505050', 8876, 'B0'),
  ('2014505050', 8881, 'C0'),
  ('2014505050', 8912, 'D0'),
  ('2014505050', 88332, 'B0'),
  ('2014505050', 88372, 'F'),
  ('2014505050', 88392, 'C0'),
  ('2014505050', 88462, 'D0'),
  ('2014505050', 88512, 'D0'),
  ('2014505050', 88562, 'A0'),
  ('2014505050', 88691, 'C0'),
  ('2014505050', 88752, 'C0'),
  ('2014505050', 88983, 'B0'),
  ('2014505050', 89013, 'A0'),
  ('2014505050', 89071, 'D0'),
  ('2014505050', 89121, 'C0'),
  ('2014505050', 89311, 'B0');
/*!40000 ALTER TABLE `registration` ENABLE KEYS */;


-- Dumping structure for table dbapp.room
DROP TABLE IF EXISTS `room`;
CREATE TABLE IF NOT EXISTS `room` (
  `roomId` int(11) NOT NULL,
  `buildingId` int(11) NOT NULL,
  `limit` int(11) NOT NULL,
  PRIMARY KEY (`roomId`),
  KEY `FK_room_building` (`buildingId`),
  CONSTRAINT `FK_room_building` FOREIGN KEY (`buildingId`) REFERENCES `building` (`buildingId`)
) ENGINE=InnoDB DEFAULT CHARSET=utf8;

-- Dumping data for table dbapp.room: ~199 rows (approximately)
/*!40000 ALTER TABLE `room` DISABLE KEYS */;
INSERT INTO `room` (`roomId`, `buildingId`, `limit`) VALUES
  (1, 1, 140),
  (2, 1, 40),
  (3, 1, 40),
  (4, 1, 40),
  (5, 1, 40),
  (6, 1, 40),
  (7, 1, 30),
  (8, 1, 35),
  (9, 1, 40),
  (10, 1, 40),
  (11, 1, 50),
  (12, 1, 100),
  (13, 1, 40),
  (14, 1, 50),
  (15, 1, 40),
  (16, 1, 40),
  (17, 1, 50),
  (18, 1, 40),
  (19, 1, 40),
  (20, 2, 40),
  (21, 2, 40),
  (22, 2, 40),
  (23, 2, 50),
  (24, 2, 40),
  (25, 2, 40),
  (26, 2, 80),
  (27, 2, 40),
  (28, 2, 120),
  (29, 2, 40),
  (30, 2, 40),
  (31, 2, 50),
  (32, 2, 40),
  (33, 2, 40),
  (34, 2, 30),
  (35, 3, 40),
  (36, 3, 40),
  (37, 3, 40),
  (38, 3, 40),
  (39, 3, 50),
  (40, 3, 40),
  (41, 3, 40),
  (42, 3, 40),
  (43, 3, 40),
  (44, 3, 50),
  (45, 3, 40),
  (46, 3, 40),
  (47, 3, 40),
  (48, 3, 45),
  (49, 3, 40),
  (50, 3, 40),
  (51, 3, 100),
  (52, 3, 40),
  (53, 3, 40),
  (54, 3, 120),
  (55, 4, 40),
  (56, 4, 40),
  (57, 4, 40),
  (58, 4, 40),
  (59, 4, 40),
  (60, 4, 40),
  (61, 4, 40),
  (62, 4, 40),
  (63, 4, 40),
  (64, 4, 50),
  (65, 4, 40),
  (66, 4, 40),
  (67, 4, 40),
  (68, 5, 40),
  (69, 5, 40),
  (70, 5, 40),
  (71, 5, 40),
  (72, 5, 40),
  (73, 6, 40),
  (74, 6, 80),
  (75, 6, 40),
  (76, 6, 40),
  (77, 6, 40),
  (78, 6, 40),
  (79, 6, 100),
  (80, 6, 40),
  (81, 6, 40),
  (82, 6, 40),
  (83, 6, 40),
  (84, 6, 40),
  (85, 6, 40),
  (86, 6, 40),
  (87, 6, 30),
  (88, 6, 40),
  (89, 6, 40),
  (90, 6, 40),
  (91, 6, 40),
  (92, 6, 40),
  (93, 6, 40),
  (94, 6, 40),
  (95, 6, 40),
  (96, 6, 40),
  (97, 6, 35),
  (98, 6, 40),
  (99, 6, 40),
  (100, 6, 40),
  (101, 6, 40),
  (102, 6, 40),
  (103, 6, 40),
  (104, 6, 40),
  (105, 6, 40),
  (106, 6, 45),
  (107, 7, 40),
  (108, 7, 40),
  (109, 7, 40),
  (110, 7, 40),
  (111, 7, 40),
  (112, 7, 40),
  (113, 7, 40),
  (114, 7, 55),
  (115, 7, 40),
  (116, 7, 40),
  (117, 7, 40),
  (118, 7, 40),
  (119, 7, 40),
  (120, 7, 40),
  (121, 7, 40),
  (122, 7, 40),
  (123, 7, 65),
  (124, 7, 40),
  (125, 7, 40),
  (126, 7, 40),
  (127, 7, 40),
  (128, 7, 40),
  (129, 7, 40),
  (130, 8, 40),
  (131, 8, 40),
  (132, 8, 110),
  (133, 8, 40),
  (134, 8, 40),
  (135, 8, 40),
  (136, 8, 40),
  (137, 9, 40),
  (138, 9, 40),
  (139, 9, 40),
  (140, 9, 90),
  (141, 9, 40),
  (142, 9, 40),
  (143, 9, 40),
  (144, 9, 40),
  (145, 9, 40),
  (146, 10, 40),
  (147, 10, 70),
  (148, 10, 40),
  (149, 10, 40),
  (150, 10, 40),
  (151, 10, 40),
  (152, 10, 40),
  (153, 10, 40),
  (154, 10, 60),
  (155, 10, 40),
  (156, 11, 40),
  (157, 11, 40),
  (158, 11, 40),
  (159, 11, 40),
  (160, 11, 40),
  (161, 11, 40),
  (162, 11, 40),
  (163, 11, 65),
  (164, 11, 40),
  (165, 11, 40),
  (166, 11, 40),
  (167, 11, 40),
  (168, 11, 40),
  (169, 12, 120),
  (170, 12, 40),
  (171, 12, 40),
  (172, 12, 40),
  (173, 12, 80),
  (174, 12, 40),
  (175, 12, 40),
  (176, 12, 40),
  (177, 12, 40),
  (178, 12, 40),
  (179, 12, 35),
  (180, 12, 40),
  (181, 12, 55),
  (182, 12, 40),
  (183, 12, 40),
  (184, 12, 45),
  (185, 12, 40),
  (186, 12, 40),
  (187, 13, 40),
  (188, 13, 95),
  (189, 13, 40),
  (190, 13, 40),
  (191, 13, 40),
  (192, 13, 40),
  (193, 13, 40),
  (194, 13, 40),
  (195, 13, 40),
  (196, 13, 40),
  (197, 13, 84),
  (198, 13, 50),
  (199, 13, 40);
/*!40000 ALTER TABLE `room` ENABLE KEYS */;


-- Dumping structure for table dbapp.student
DROP TABLE IF EXISTS `student`;
CREATE TABLE IF NOT EXISTS `student` (
  `studentId` varchar(255) NOT NULL,
  `password` varchar(255) NOT NULL,
  `name` varchar(255) NOT NULL,
  `gender` varchar(255) NOT NULL,
  `majorId` int(11) NOT NULL,
  `instructorId` varchar(255) NOT NULL,
  `schoolYear` int(11) NOT NULL,
  PRIMARY KEY (`studentId`),
  KEY `FK_student_major` (`majorId`),
  KEY `FK_student_instructor` (`instructorId`),
  CONSTRAINT `FK_student_instructor` FOREIGN KEY (`instructorId`) REFERENCES `instructor` (`instructorId`),
  CONSTRAINT `FK_student_major` FOREIGN KEY (`majorId`) REFERENCES `major` (`majorId`)
) ENGINE=InnoDB DEFAULT CHARSET=utf8;

-- Dumping data for table dbapp.student: ~20 rows (approximately)
/*!40000 ALTER TABLE `student` DISABLE KEYS */;
INSERT INTO `student` (`studentId`, `password`, `name`, `gender`, `majorId`, `instructorId`, `schoolYear`) VALUES
  ('2009003125', '125125125', '정남아', 'female', 44, '2001032011', 4),
  ('2010004052', '39nnf2', '김관유', 'male', 4, '2001032064', 3),
  ('2010499349', '2bn4', '이현주', 'female', 5, '2001032031', 4),
  ('2011004533', '35234', '한준희', 'male', 3, '2001032070', 3),
  ('2011040404', 'x17171771', '김다미', 'female', 15, '2001032068', 3),
  ('2012004003', 'banila', '김동관', 'male', 33, '2001032030', 3),
  ('2012004203', 'qwe123', '오든솔', 'male', 5, '2001032007', 3),
  ('2012030303', 'arandomkey', '최다비드', 'male', 34, '2001032031', 2),
  ('2012394929', '3425nn5', '이지은', 'female', 1, '2001032085', 3),
  ('2013001445', '7007', '노선영', 'female', 4, '2001032010', 2),
  ('2013004004', 'foxfoxfox', '윤준영', 'male', 22, '2001032004', 2),
  ('2013004394', 'goodboy', '윤인욱', 'male', 1, '2001032004', 2),
  ('2013030128', 'food', '윤지형', 'male', 44, '2001032078', 2),
  ('2013040051', 'zeroone234', '최아랑', 'female', 19, '2001032078', 2),
  ('2014001303', '192939', '김다현', 'female', 3, '2001032009', 1),
  ('2014002331', 'wer234', '이상덕', 'male', 2, '2001032008', 1),
  ('2014005004', 'hexahed', '장두호', 'male', 5, '2001032081', 1),
  ('2014019493', 'zerozero', '임지훈', 'male', 17, '2001032003', 1),
  ('2014040404', 'donkey', '권지현', 'female', 22, '2001032053', 1),
  ('2014505050', 'hellobaby', '권희조', 'female', 44, '2001032078', 1);
/*!40000 ALTER TABLE `student` ENABLE KEYS */;


-- Dumping structure for table dbapp.subject
DROP TABLE IF EXISTS `subject`;
CREATE TABLE IF NOT EXISTS `subject` (
  `subjectId` varchar(255) NOT NULL,
  `title` varchar(255) NOT NULL,
  `credit` int(11) NOT NULL,
  PRIMARY KEY (`subjectId`)
) ENGINE=InnoDB DEFAULT CHARSET=utf8;

-- Dumping data for table dbapp.subject: ~75 rows (approximately)
/*!40000 ALTER TABLE `subject` DISABLE KEYS */;
INSERT INTO `subject` (`subjectId`, `title`, `credit`) VALUES
  ('ARE3009', '건축구조역학2', 3),
  ('ARE3069', '건설사업관리1', 3),
  ('ARE4014', '건축구조계획', 3),
  ('ARE4020', '건축공학실험', 3),
  ('ARE4022', '건축음향', 3),
  ('ARE4026', '환경과생태건축', 3),
  ('ARE4030', '전기회로및조명시스템', 3),
  ('ARE5013', '건축종합설계2', 3),
  ('ARE5032', '공학프로젝트및현장실습2', 3),
  ('BIO2022', '세포생물학', 3),
  ('BTN4005', '생물나노소재', 3),
  ('BTN4009', '응용유전학', 3),
  ('BTN4012', '공학종합설계2(URIP)', 1),
  ('CHE1015', '기능성고분자', 3),
  ('CHE3006', '화공열역학2', 3),
  ('CHE3012', '물질전달', 3),
  ('CHE4053', '유기소자공학', 3),
  ('CHE4054', '화학공학종합설계2(URIP)', 3),
  ('CHM3066', '화공기초실험', 2),
  ('CHM3078', '촉매반응공학', 3),
  ('CHM4001', '기기분석', 3),
  ('CHM4013', '고분자물성', 3),
  ('CHM4083', '나노화학공학', 3),
  ('CIE2007', '측량학', 3),
  ('CIE3022', '철근콘크리트구조설계', 3),
  ('CIE3032', '지반공학및실험', 3),
  ('CIE3033', '건설경제학', 3),
  ('CIE3070', '철근콘크리트구조2', 3),
  ('CIE4011', '수리학및실험', 3),
  ('CIE4047', '수공구조물설계', 3),
  ('CIE4058', '구조동역학', 3),
  ('CIE4065', '유비쿼터스첨단건설공학', 3),
  ('CIE4068', '건설환경공학종합설계2', 3),
  ('CME4002', '화공전산설계', 3),
  ('COE1011', '실용공학연구2', 1),
  ('COE3053', '공업수학3', 3),
  ('CSE4006', '소프트웨어공학', 3),
  ('DBC3018', '미생물학', 3),
  ('ECL3005', '임베디드제어시스템', 3),
  ('ECL3007', '플라즈마공학2', 3),
  ('ECL4009', '피드백시스템', 3),
  ('ECL4010', '차량전자제어', 3),
  ('ECL4011', '전동력제어', 3),
  ('ECL4013', '전기공학종합설계2', 3),
  ('ECL4014', '산업플라즈마공학', 3),
  ('ECL4015', '전력전자제어', 3),
  ('ECL4018', '전기공학세미나', 3),
  ('EEC3005', '상하수도공학', 3),
  ('EGY3001', '재료물성학', 3),
  ('EGY4013', '에너지공학종합설계2', 3),
  ('EGY4016', '나노바이오에너지소재', 3),
  ('EGY4019', '에너지유기소재', 3),
  ('ELE3004', '제어공학', 3),
  ('ELE3013', '전기기기', 3),
  ('ELE3020', '컴퓨터구조2', 3),
  ('ELE4019', '전력시스템공학', 3),
  ('ELE4025', '펄스파워공학', 3),
  ('ELE4029', '컴파일러', 3),
  ('ENE4019', '컴퓨터네트워크', 3),
  ('GEN3052', '환경공학', 3),
  ('GEN5026', '테크노경영학', 3),
  ('GEN6006', '특허법의이해', 2),
  ('GEN6095', '전공현장실습2', 3),
  ('ICH4022', '고분자재료', 3),
  ('ITE3016', '데이터베이스시스템', 3),
  ('ITE3060', '시스템프로그램설계2', 2),
  ('ITE3068', '소프트웨어스튜디오2', 3),
  ('ITE3070', '전공멘토링6', 1),
  ('MAT3008', '수치해석', 3),
  ('MEE4001', '열전달', 3),
  ('MME3026', '암반공학', 3),
  ('ONE4004', '유기나노공학종합설계2', 3),
  ('ONE4005', '전공세미나(유기나노공학)URIP', 3),
  ('ONE4011', '유기전자소재나노공정', 3),
  ('TXE4065', '고분자구조', 3);
/*!40000 ALTER TABLE `subject` ENABLE KEYS */;
/*!40101 SET SQL_MODE=IFNULL(@OLD_SQL_MODE, '') */;
/*!40014 SET FOREIGN_KEY_CHECKS=IF(@OLD_FOREIGN_KEY_CHECKS IS NULL, 1, @OLD_FOREIGN_KEY_CHECKS) */;
/*!40101 SET CHARACTER_SET_CLIENT=@OLD_CHARACTER_SET_CLIENT */;
